Contract ID,Reference IDV,Modification Number,Transaction Number,Award/IDV Type,Action Obligation ($),Date Signed,Solicitation Date,Contracting Agency ID,Contracting Agency,Contracting Office Name,PSC Type,PSC,PSC Description,NAICS,NAICS Description,Entity City,Entity State,Entity ZIP Code,Additional Reporting Code,Additional Reporting Description,Unique Entity ID,Ultimate Parent Unique Entity ID,Ultimate Parent Legal Business Name,Legal Business Name,CAGE Code,
"0236CC10386",,"0","0","DCA Definitive Contract","$250,000.00","May 1, 2002",,"3300","SMITHSONIAN INSTITUTION","SMITHSONIAN INSTITUTION","S","Z292","MAINT-REP-ALT/EXHIBIT (NON-BLDG)","236220","COMMERCIAL AND INSTITUTIONAL BUILDING CONSTRUCTION","ARLINGTON","VA","222031919",,,"CGKFJETKMVD7","CGKFJETKMVD7","TURNER CONSTRUCTION COMPANY IN","TURNER CONSTRUCTION COMPANY",,
"DACA8502C0004",,"P00001","0","DCA Definitive Contract","$148,000.00","May 2, 2002",,"2100","DEPT OF THE ARMY","USA ENGINEER DISTRICT, ALASKA","S","Y141","CONSTRUCT/HOSPITALS & INFIRMARIES","236220","COMMERCIAL AND INSTITUTIONAL BUILDING CONSTRUCTION","ANCHORAGE","AK","99503",,,"VZULGLS13E18","VZULGLS13E18","DICK PACIFIC/GHEMM JV","DICK PACIFIC GHEMM JV",,
"GB000200106DGS05P01GBC0023",,"PC03","0","DCA Definitive Contract","$12,000.00","May 15, 2002",,"4740","PUBLIC BUILDINGS SERVICE","ACQUISITION MANAGEMENT DIVISION","S","Y111","CONSTRUCTION OF OFFICE BUILDINGS","236220","COMMERCIAL AND INSTITUTIONAL BUILDING CONSTRUCTION","CHICAGO","IL","606205812",,,"ZKG9KAG3B4D1","ZKG9KAG3B4D1","OAKLEY CONSTRUCTION COMPANY  INC.","H&P CONTRACTOR/OAKLEY CONSTRUC",,
"GB000200106DGS05P01GBC0023",,"PC05","0","DCA Definitive Contract","$6,000.00","May 15, 2002",,"4740","PUBLIC BUILDINGS SERVICE","ACQUISITION MANAGEMENT DIVISION","S","Y111","CONSTRUCTION OF OFFICE BUILDINGS","236220","COMMERCIAL AND INSTITUTIONAL BUILDING CONSTRUCTION","CHICAGO","IL","606205812",,,"ZKG9KAG3B4D1","ZKG9KAG3B4D1","OAKLEY CONSTRUCTION COMPANY  INC.","H&P CONTRACTOR/OAKLEY CONSTRUC",,
"GB000200106DGS05P01GBC0023",,"PC06","0","DCA Definitive Contract","$8,000.00","May 15, 2002",,"4740","PUBLIC BUILDINGS SERVICE","ACQUISITION MANAGEMENT DIVISION","S","Y111","CONSTRUCTION OF OFFICE BUILDINGS","236220","COMMERCIAL AND INSTITUTIONAL BUILDING CONSTRUCTION","CHICAGO","IL","606205812",,,"ZKG9KAG3B4D1","ZKG9KAG3B4D1","OAKLEY CONSTRUCTION COMPANY  INC.","H&P CONTRACTOR/OAKLEY CONSTRUC",,
"GY000200111DGS06P01GYC0018",,"PS01","0","DCA Definitive Contract","$10,300.00","May 15, 2002",,"4740","PUBLIC BUILDINGS SERVICE","GSA/PUBLIC BUILDINGS SERVICE","S","Z111","MAINT-REP-ALT/OFFICE BLDGS","236220","COMMERCIAL AND INSTITUTIONAL BUILDING CONSTRUCTION","MILWAUKEE","WI","532094408",,,"Z2N8C3NL8FW5","Z2N8C3NL8FW5","JOHNSON CONTROLS  INC.","JOHNSON CONTROLS, INC",,
"GY000200205DGS06P02GYD0044",,"0","0","DCA Definitive Contract","$1.00","May 15, 2002",,"4740","PUBLIC BUILDINGS SERVICE","GSA/PUBLIC BUILDINGS SERVICE","S","Z111","MAINT-REP-ALT/OFFICE BLDGS","236220","COMMERCIAL AND INSTITUTIONAL BUILDING CONSTRUCTION","LEES SUMMIT","MO","640822319",,,"FKMLLDKKED82","FKMLLDKKED82","CIMMARON ELECTRIC  INC.","CIMMARON ELECTRIC, INC.",,
"GY000200205DGS06P02GYD0045",,"0","0","DCA Definitive Contract","$1.00","May 15, 2002",,"4740","PUBLIC BUILDINGS SERVICE","GSA/PUBLIC BUILDINGS SERVICE","S","Z111","MAINT-REP-ALT/OFFICE BLDGS","236220","COMMERCIAL AND INSTITUTIONAL BUILDING CONSTRUCTION",,,,,,"DHJLU9G93NG1","DHJLU9G93NG1","MCCOWN GORDON CONSTRUCTION LLC","MCCOWN GORDON CONSTRUCTION",,
"PV000200108DGS02P01PVC0021",,"PA01","0","DCA Definitive Contract","$0.00","May 15, 2002",,"4740","PUBLIC BUILDINGS SERVICE","GSA PBS R2 ACQUISITION MANAGEMENT DIVISION","S","Z111","MAINT-REP-ALT/OFFICE BLDGS","236220","COMMERCIAL AND INSTITUTIONAL BUILDING CONSTRUCTION","NEW YORK","NY","100072993",,,"NWVPCAKF4DQ3","NWVPCAKF4DQ3","SOUND BEYOND ELECTRICAL CORPORATION T","SOUND BEYOND ELECTRICAL CORPORATION T",,
"UK560200205DSOUK5602C0548",,"0","0","DCA Definitive Contract","$143,000.00","May 15, 2002",,"1900","STATE, DEPARTMENT OF","AMERICAN EMBASSY- LONDON","S","Z161","MAINT-REP-ALT/FAMILY HOUSING","236220","COMMERCIAL AND INSTITUTIONAL BUILDING CONSTRUCTION","TEDDINGTON","* ","TW11 0LW",,,"FYKPWXT798K8","FYKPWXT798K8","NATIONAL PHYSICAL LABORATORY","NATIONAL PHYSICAL LABORATORY",,
"UK560200205DSOUK5602C0548",,"1","0","DCA Definitive Contract","$143,000.00","May 15, 2002",,"1900","STATE, DEPARTMENT OF","AMERICAN EMBASSY- LONDON","S","Z161","MAINT-REP-ALT/FAMILY HOUSING","236220","COMMERCIAL AND INSTITUTIONAL BUILDING CONSTRUCTION","TEDDINGTON","* ","TW11 0LW",,,"FYKPWXT798K8","FYKPWXT798K8","NATIONAL PHYSICAL LABORATORY","NATIONAL PHYSICAL LABORATORY",,
