Contract ID,Reference IDV,Modification Number,Transaction Number,Award/IDV Type,Action Obligation ($),Date Signed,Solicitation Date,Contracting Agency ID,Contracting Agency,Contracting Office Name,PSC Type,PSC,PSC Description,NAICS,NAICS Description,Entity City,Entity State,Entity ZIP Code,Additional Reporting Code,Additional Reporting Description,Unique Entity ID,Ultimate Parent Unique Entity ID,Ultimate Parent Legal Business Name,Legal Business Name,CAGE Code,
"0236CC10150",,"0","0","DCA Definitive Contract","$4,352,000.00","Dec 28, 2001",,"3300","SMITHSONIAN INSTITUTION","SMITHSONIAN INSTITUTION","S","Z199","MAINT-REP-ALT/MISC BLDGS","236220","COMMERCIAL AND INSTITUTIONAL BUILDING CONSTRUCTION","GAITHERSBURG","MD","208781416",,,"F9NMEB3RXR45","F9NMEB3RXR45","D&M GENERAL CONTRACTING INC.","D AND M GENERAL CONTRACTING INCORPORATED",,
"0236CW10114",,"0","0","DCA Definitive Contract","$1,593,123.35","Dec 12, 2001",,"3300","SMITHSONIAN INSTITUTION","SMITHSONIAN INSTITUTION","S","Z199","MAINT-REP-ALT/MISC BLDGS","236220","COMMERCIAL AND INSTITUTIONAL BUILDING CONSTRUCTION","UPPER MARLBORO","MD","207742456",,,"H2XFGR46UMA1","H2XFGR46UMA1","K-LO CONSTRUCTION INCORPORATED","K LO CONSTRUCTION INCORPORATED",,
"DAHA1202C0013",,"0","0","DCA Definitive Contract","$6,653,000.00","Dec 3, 2001",,"2100","DEPT OF THE ARMY","USPFO FOR INDIANA","S","Y129","CONSTRUCT/OTHER AIRFIELD STRUCTURES","236220","COMMERCIAL AND INSTITUTIONAL BUILDING CONSTRUCTION","INDIANAPOLIS","IN","46228",,,"C3QAJLG8MLN5","C3QAJLG8MLN5","GARCIA CONSTRUCTION GROUP INC","G M  CONSTRUCTION, INC",,
"GS11P01MAC0540",,"PA02","0","DCA Definitive Contract","$0.00","Dec 18, 2001",,"4740","PUBLIC BUILDINGS SERVICE","WPHBA - CAPITAL CONSTRUCTION BRANCH","S","Z111","MAINT-REP-ALT/OFFICE BLDGS","236220","COMMERCIAL AND INSTITUTIONAL BUILDING CONSTRUCTION","ROCKVILLE","MD","208523108",,,"R6CPWWDD4AM1","R6CPWWDD4AM1","GRUNLEY CONSTRUCTION CO.  INC.","GRUNLEY CONSTRUCTION COMPANY",,
"INICMH00010011",,"2","0","DCA Definitive Contract","$0.00","Dec 17, 2001",,"1450","BUREAU OF INDIAN AFFAIRS","WESTERN REGIONAL OFFICE","S","Z166","MAINT-REP-ALT/PENAL FACILITIES","236220","COMMERCIAL AND INSTITUTIONAL BUILDING CONSTRUCTION","TUCSON","AZ","857196742",,,"GM9SKMQCH5N5","GM9SKMQCH5N5","M.G.M. ASSOCIATES  INC.","M G M ASSOCIATES INCORPORATED",,
"INICMH00010011",,"3","0","DCA Definitive Contract","$2,550.00","Dec 21, 2001",,"1450","BUREAU OF INDIAN AFFAIRS","WESTERN REGIONAL OFFICE","S","Z166","MAINT-REP-ALT/PENAL FACILITIES","236220","COMMERCIAL AND INSTITUTIONAL BUILDING CONSTRUCTION","TUCSON","AZ","857196742",,,"GM9SKMQCH5N5","GM9SKMQCH5N5","M.G.M. ASSOCIATES  INC.","M G M ASSOCIATES INCORPORATED",,
"MSFC0200112DNAS802025",,"0","0","DCA Definitive Contract","$1,201,000.00","Dec 15, 2001",,"8000","NATIONAL AERONAUTICS AND SPACE ADMINISTRATION","MARSHALL SPACE FLIGHT CENTER","S","Z119","MAINT-REP-ALT/OTHER ADMIN BLDGS","236220","COMMERCIAL AND INSTITUTIONAL BUILDING CONSTRUCTION","HUNTSVILLE","AL","358111780",,,"G77QL7JGAZW9","G77QL7JGAZW9","TENNESSEE VALLEY CONTRACTORS CORP","TENNESSEE VALLEY CONTRACTORS CORPORATION",,
