Contract ID,Reference IDV,Modification Number,Transaction Number,Award/IDV Type,Action Obligation ($),Date Signed,Solicitation Date,Contracting Agency ID,Contracting Agency,Contracting Office Name,PSC Type,PSC,PSC Description,NAICS,NAICS Description,Entity City,Entity State,Entity ZIP Code,Additional Reporting Code,Additional Reporting Description,Unique Entity ID,Ultimate Parent Unique Entity ID,Ultimate Parent Legal Business Name,Legal Business Name,CAGE Code,
"20000200206DC8000020904",,"0","0","DCA Definitive Contract","$5,416,000.00","Jun 15, 2002",,"1443","NATIONAL PARK SERVICE","DSC CONTRACTING SERVICES DIVISION","S","Y199","CONSTRUCT/MISC BLDGS","236220","COMMERCIAL AND INSTITUTIONAL BUILDING CONSTRUCTION","EUGENE","OR","974029758",,,"NVQKJLLAA863","NVQKJLLAA863","2G  INC.","2G CONSTRUCTION",,
"EX000200005DGS04P99EXC0014",,"PS76","0","DCA Definitive Contract","$5,000.00","Jun 15, 2002",,"4740","PUBLIC BUILDINGS SERVICE","ACQUISITION DIVISION/NON-PROSPECTUS (SECTION A)","S","Z111","MAINT-REP-ALT/OFFICE BLDGS","236220","COMMERCIAL AND INSTITUTIONAL BUILDING CONSTRUCTION","MONTGOMERY","AL","361091100",,,"KJ1ZS574VV73","KJ1ZS574VV73","CADDELL CONSTRUCTION CO.  INC.","CADDELL CONSTRUCTION COMPANY,",,
"EX000200005DGS04P99EXC0014",,"PS77","0","DCA Definitive Contract","$2,000.00","Jun 15, 2002",,"4740","PUBLIC BUILDINGS SERVICE","ACQUISITION DIVISION/NON-PROSPECTUS (SECTION A)","S","Z111","MAINT-REP-ALT/OFFICE BLDGS","236220","COMMERCIAL AND INSTITUTIONAL BUILDING CONSTRUCTION","MONTGOMERY","AL","361091100",,,"KJ1ZS574VV73","KJ1ZS574VV73","CADDELL CONSTRUCTION CO.  INC.","CADDELL CONSTRUCTION COMPANY,",,
"EX000200005DGS04P99EXC0014",,"PS78","0","DCA Definitive Contract","$1,000.00","Jun 15, 2002",,"4740","PUBLIC BUILDINGS SERVICE","ACQUISITION DIVISION/NON-PROSPECTUS (SECTION A)","S","Z111","MAINT-REP-ALT/OFFICE BLDGS","236220","COMMERCIAL AND INSTITUTIONAL BUILDING CONSTRUCTION","MONTGOMERY","AL","361091100",,,"KJ1ZS574VV73","KJ1ZS574VV73","CADDELL CONSTRUCTION CO.  INC.","CADDELL CONSTRUCTION COMPANY,",,
"EX000200005DGS04P99EXC0014",,"PS79","0","DCA Definitive Contract","$1,000.00","Jun 15, 2002",,"4740","PUBLIC BUILDINGS SERVICE","ACQUISITION DIVISION/NON-PROSPECTUS (SECTION A)","S","Z111","MAINT-REP-ALT/OFFICE BLDGS","236220","COMMERCIAL AND INSTITUTIONAL BUILDING CONSTRUCTION","MONTGOMERY","AL","361091100",,,"KJ1ZS574VV73","KJ1ZS574VV73","CADDELL CONSTRUCTION CO.  INC.","CADDELL CONSTRUCTION COMPANY,",,
"EX000200005DGS04P99EXC0014",,"PS80","0","DCA Definitive Contract","$1,000.00","Jun 15, 2002",,"4740","PUBLIC BUILDINGS SERVICE","ACQUISITION DIVISION/NON-PROSPECTUS (SECTION A)","S","Z111","MAINT-REP-ALT/OFFICE BLDGS","236220","COMMERCIAL AND INSTITUTIONAL BUILDING CONSTRUCTION","MONTGOMERY","AL","361091100",,,"KJ1ZS574VV73","KJ1ZS574VV73","CADDELL CONSTRUCTION CO.  INC.","CADDELL CONSTRUCTION COMPANY,",,
"EX000200005DGS04P99EXC0014",,"PS84","0","DCA Definitive Contract","$2,000.00","Jun 15, 2002",,"4740","PUBLIC BUILDINGS SERVICE","ACQUISITION DIVISION/NON-PROSPECTUS (SECTION A)","S","Z111","MAINT-REP-ALT/OFFICE BLDGS","236220","COMMERCIAL AND INSTITUTIONAL BUILDING CONSTRUCTION","MONTGOMERY","AL","361091100",,,"KJ1ZS574VV73","KJ1ZS574VV73","CADDELL CONSTRUCTION CO.  INC.","CADDELL CONSTRUCTION COMPANY,",,
"EX000200005DGS04P99EXC0014",,"PS85","0","DCA Definitive Contract","$5,000.00","Jun 15, 2002",,"4740","PUBLIC BUILDINGS SERVICE","ACQUISITION DIVISION/NON-PROSPECTUS (SECTION A)","S","Z111","MAINT-REP-ALT/OFFICE BLDGS","236220","COMMERCIAL AND INSTITUTIONAL BUILDING CONSTRUCTION","MONTGOMERY","AL","361091100",,,"KJ1ZS574VV73","KJ1ZS574VV73","CADDELL CONSTRUCTION CO.  INC.","CADDELL CONSTRUCTION COMPANY,",,
"GA000200009DGS05P00GAC0255",,"PC07","0","DCA Definitive Contract","$7,000.00","Jun 15, 2002",,"4740","PUBLIC BUILDINGS SERVICE","ACQUISITION MANAGEMENT DIVISION","S","Z111","MAINT-REP-ALT/OFFICE BLDGS","236220","COMMERCIAL AND INSTITUTIONAL BUILDING CONSTRUCTION","SALT LAKE CITY","UT","841044236",,,"DUM9NDNAMBW6","DUM9NDNAMBW6","ADVANCED LIGHTING  INC.","ADVANCED LIGHTING, INC.",,
"GS01P01BZC0010",,"PC01","0","DCA Definitive Contract","$8,000.00","Jun 15, 2002",,"4740","PUBLIC BUILDINGS SERVICE","GSA/PBS NEW ENGLAND REGION","S","Z111","MAINT-REP-ALT/OFFICE BLDGS","236220","COMMERCIAL AND INSTITUTIONAL BUILDING CONSTRUCTION","BANGOR","ME","044011134",,,"UXJMHVN7XE35","UXJMHVN7XE35","ROOF SYSTEMS OF MAINE","ROOF SYSTEMS OF MAINE",,
"GS11P01MAC0540",,"AS04","0","DCA Definitive Contract","$4,267.00","Jun 21, 2002",,"4740","PUBLIC BUILDINGS SERVICE","WPHBA - CAPITAL CONSTRUCTION BRANCH","S","Z111","MAINT-REP-ALT/OFFICE BLDGS","236220","COMMERCIAL AND INSTITUTIONAL BUILDING CONSTRUCTION","ROCKVILLE","MD","208523108",,,"R6CPWWDD4AM1","R6CPWWDD4AM1","GRUNLEY CONSTRUCTION CO.  INC.","GRUNLEY CONSTRUCTION COMPANY",,
"GS11P01MAC0540",,"PO05","0","DCA Definitive Contract","$8,479,000.00","Jun 6, 2002",,"4740","PUBLIC BUILDINGS SERVICE","WPHBA - CAPITAL CONSTRUCTION BRANCH","S","Z111","MAINT-REP-ALT/OFFICE BLDGS","236220","COMMERCIAL AND INSTITUTIONAL BUILDING CONSTRUCTION","ROCKVILLE","MD","208523108",,,"R6CPWWDD4AM1","R6CPWWDD4AM1","GRUNLEY CONSTRUCTION CO.  INC.","GRUNLEY CONSTRUCTION COMPANY",,
"GY000200008DGS06P00GYC0016",,"PC15","0","DCA Definitive Contract","$10,000.00","Jun 15, 2002",,"4740","PUBLIC BUILDINGS SERVICE","GSA/PUBLIC BUILDINGS SERVICE","S","C111","BLDGS & FAC / ADMIN & SVC BLDGS","236220","COMMERCIAL AND INSTITUTIONAL BUILDING CONSTRUCTION","TAUNTON","MA","027801071",,,"Q42MF6DZGZ39","UHRCB94R44E9","QUANTA SERVICES  INC.","THE RYAN CO",,
"GY000200111DGS06P01GYC0018",,"PA02","0","DCA Definitive Contract","$1,000.00","Jun 15, 2002",,"4740","PUBLIC BUILDINGS SERVICE","GSA/PUBLIC BUILDINGS SERVICE","S","Z111","MAINT-REP-ALT/OFFICE BLDGS","236220","COMMERCIAL AND INSTITUTIONAL BUILDING CONSTRUCTION","MILWAUKEE","WI","532094408",,,"Z2N8C3NL8FW5","Z2N8C3NL8FW5","JOHNSON CONTROLS  INC.","JOHNSON CONTROLS, INC.",,
"GY000200205DGS06P02GYC0021",,"PA01","0","DCA Definitive Contract","$1,000.00","Jun 15, 2002",,"4740","PUBLIC BUILDINGS SERVICE","GSA/PUBLIC BUILDINGS SERVICE","S","Z111","MAINT-REP-ALT/OFFICE BLDGS","236220","COMMERCIAL AND INSTITUTIONAL BUILDING CONSTRUCTION","FORT WALTON BEACH","FL","325472557",,,"SLY3WCJ1RGD5","SLY3WCJ1RGD5","RL CAMPBELL MANAGEMENT SERVICES  INC.","R. L. CAMPBELL ROOFING CO, INC",,
"GY000200206DGS06P02GYD0042",,"0","0","DCA Definitive Contract","$1.00","Jun 15, 2002",,"4740","PUBLIC BUILDINGS SERVICE","GSA/PUBLIC BUILDINGS SERVICE","S","Z111","MAINT-REP-ALT/OFFICE BLDGS","236220","COMMERCIAL AND INSTITUTIONAL BUILDING CONSTRUCTION","LEES SUMMIT","MO","640631859",,,"V78GCM6LJAC7","V78GCM6LJAC7","RAND CONSTRUCTION COMPANY","RAND & SON CONSTRUCTION CO.",,
"MSFC0200112DNAS802025",,"1","0","DCA Definitive Contract","$22,000.00","Jun 15, 2002",,"8000","NATIONAL AERONAUTICS AND SPACE ADMINISTRATION","MARSHALL SPACE FLIGHT CENTER","S","Z119","MAINT-REP-ALT/OTHER ADMIN BLDGS","236220","COMMERCIAL AND INSTITUTIONAL BUILDING CONSTRUCTION","HUNTSVILLE","AL","358111780",,,"G77QL7JGAZW9","G77QL7JGAZW9","TENNESSEE VALLEY CONTRACTORS CORP","TENNESSEE VALLEY CONTRACTORS C",,
