Contract ID,Reference IDV,Modification Number,Transaction Number,Award/IDV Type,Action Obligation ($),Date Signed,Solicitation Date,Contracting Agency ID,Contracting Agency,Contracting Office Name,PSC Type,PSC,PSC Description,NAICS,NAICS Description,Entity City,Entity State,Entity ZIP Code,Additional Reporting Code,Additional Reporting Description,Unique Entity ID,Ultimate Parent Unique Entity ID,Ultimate Parent Legal Business Name,Legal Business Name,CAGE Code,
"0136CC10537",,"0","0","DCA Definitive Contract","$4,917,827.00","Sep 24, 2001",,"3300","SMITHSONIAN INSTITUTION","SMITHSONIAN INSTITUTION","S","Z191","MAINT-REP-ALT/EXHIBITION BUILDINGS","236220","COMMERCIAL AND INSTITUTIONAL BUILDING CONSTRUCTION","ROCKVILLE","MD","208522625",,,"C8XFN17EGCG3","C8XFN17EGCG3","AURORA  LLC","GRUNLEY WALSH JOINT VENTURE LIMITED LIABILITY COMPANY",,
"0136CW10501",,"0","0","DCA Definitive Contract","$50,030.00","Sep 6, 2001",,"3300","SMITHSONIAN INSTITUTION","SMITHSONIAN INSTITUTION","S","Z191","MAINT-REP-ALT/EXHIBITION BUILDINGS","236220","COMMERCIAL AND INSTITUTIONAL BUILDING CONSTRUCTION","GARRETT PARK","MD","20896",,,"KPTSADQQDTR6","KPTSADQQDTR6","CONSTANTINE SEFERLIS","CONSTANTINE SEFERLIS",,
"GS01P10NLC0019",,"PO01","0","DCA Definitive Contract","$1,191.54","Sep 23, 2001",,"4740","PUBLIC BUILDINGS SERVICE","GSA/PUBLIC BUILDINGS SERVICE","S","Z111","MAINT-REP-ALT/OFFICE BLDGS","236220","COMMERCIAL AND INSTITUTIONAL BUILDING CONSTRUCTION","REDDING","CT","068961311",,,"YE93DMZ6XES5","YE93DMZ6XES5","KL&R CONSTRUCTION  LLC","KL&R CONSTRUCTION, LLC",,
"GS10P01LTC0025",,"PS46","0","DCA Definitive Contract","$74,586.00","Sep 28, 2001",,"4740","PUBLIC BUILDINGS SERVICE","GSA/PBS","S","Y111","CONSTRUCTION OF OFFICE BUILDINGS","236220","COMMERCIAL AND INSTITUTIONAL BUILDING CONSTRUCTION","IDAHO FALLS","ID","834011761",,,"V293F1E34J33","V293F1E34J33","INTERMOUNTAIN CONSTRUCTION INC","INTERMOUNTAIN CONSTRUCTION INCORPORATED",,
"GY000199908DGS06P99GYC0004",,"PO08","0","DCA Definitive Contract","$1.00","Sep 15, 2001",,"4740","PUBLIC BUILDINGS SERVICE","GSA/PUBLIC BUILDINGS SERVICE","S","Z111","MAINT-REP-ALT/OFFICE BLDGS","236220","COMMERCIAL AND INSTITUTIONAL BUILDING CONSTRUCTION","LINCOLN","NE","685031711",,,"FNQYFN4LT5C1","N2NBMH69LWD5","JLW LP","ABC ELECTRIC CO, INC,",,
"GY000199908DGS06P99GYC0004",,"PS07","0","DCA Definitive Contract","$1.00","Sep 15, 2001",,"4740","PUBLIC BUILDINGS SERVICE","GSA/PUBLIC BUILDINGS SERVICE","S","Z111","MAINT-REP-ALT/OFFICE BLDGS","236220","COMMERCIAL AND INSTITUTIONAL BUILDING CONSTRUCTION","LINCOLN","NE","685031711",,,"FNQYFN4LT5C1","N2NBMH69LWD5","JLW LP","ABC ELECTRIC CO, INC,",,
"LERC0200109DNAS301206",,"0","0","DCA Definitive Contract","$14,000.00","Sep 15, 2001",,"8000","NATIONAL AERONAUTICS AND SPACE ADMINISTRATION","GLENN RESEARCH CENTER","S","Z182","MAINT-REP-ALT/R&D GOGO FACILITIES","236220","COMMERCIAL AND INSTITUTIONAL BUILDING CONSTRUCTION","CLEVELAND","OH","441103029",,,"EYBTNZFE41B8","EYBTNZFE41B8","NEW ERA BUILDERS INC","NEW ERA BUILDERS INCORPORATED",,
