Contract ID,Reference IDV,Modification Number,Transaction Number,Award/IDV Type,Action Obligation ($),Date Signed,Solicitation Date,Contracting Agency ID,Contracting Agency,Contracting Office Name,PSC Type,PSC,PSC Description,NAICS,NAICS Description,Entity City,Entity State,Entity ZIP Code,Additional Reporting Code,Additional Reporting Description,Unique Entity ID,Ultimate Parent Unique Entity ID,Ultimate Parent Legal Business Name,Legal Business Name,CAGE Code,
"GS02P02PLC0021",,"PO02","0","DCA Definitive Contract","$0.00","Mar 21, 2002",,"4740","PUBLIC BUILDINGS SERVICE","GSA/PUBLIC BUILDINGS SERVICE","S","Z111","MAINT-REP-ALT/OFFICE BLDGS","236220","COMMERCIAL AND INSTITUTIONAL BUILDING CONSTRUCTION","CUMMING","GA","300413946",,,"GPKTKQ861MW3","NU22DRBJUB56","GLOBAL BUSINESS ALLIANCE  LTD","SECUREUSA INCORPORATED",,
"GS09P02KTC0037",,"PS08","0","DCA Definitive Contract","$10,771.00","Mar 21, 2002",,"4740","PUBLIC BUILDINGS SERVICE","DESIGN AND CONSTRUCTION DIVISION","S","Z111","MAINT-REP-ALT/OFFICE BLDGS","236220","COMMERCIAL AND INSTITUTIONAL BUILDING CONSTRUCTION","IRVINE","CA","926182831",,,"HZV4CG3RLSE5","HZV4CG3RLSE5","APSI CONSTRUCTION MANAGEMENT","ANALYTICAL PLANNING SERVICES INCORPORATED",,
"LARC0200203DNAS102082",,"0","0","DCA Definitive Contract","$1,397,000.00","Mar 15, 2002",,"8000","NATIONAL AERONAUTICS AND SPACE ADMINISTRATION","LANGLEY RESEARCH CENTER","S","Z139","MAINT-REP-ALT/OTHER EDUCATIONAL BLD","236220","COMMERCIAL AND INSTITUTIONAL BUILDING CONSTRUCTION","HAMPTON","VA","236661364",,,"EGBEP2ELA4R1","EGBEP2ELA4R1","MANOJ K. SHAH, INC.","SHAH MANOJ K INC              ",,
"LARC0200203DNAS102083",,"0","0","DCA Definitive Contract","$2,112,000.00","Mar 15, 2002",,"8000","NATIONAL AERONAUTICS AND SPACE ADMINISTRATION","LANGLEY RESEARCH CENTER","S","Z182","MAINT-REP-ALT/R&D GOGO FACILITIES","236220","COMMERCIAL AND INSTITUTIONAL BUILDING CONSTRUCTION","NORFOLK","VA","235044461",,,"DLG5WD1GAJ34","DLG5WD1GAJ34","BLUERIDGE GENERAL  INC.","BLUERIDGE GENERAL INC         ",,
"MSFC0200110DNAS801182",,"1","0","DCA Definitive Contract","$221,351.00","Mar 26, 2002",,"8000","NATIONAL AERONAUTICS AND SPACE ADMINISTRATION","MARSHALL SPACE FLIGHT CENTER","S","Z119","MAINT-REP-ALT/OTHER ADMIN BLDGS","236220","COMMERCIAL AND INSTITUTIONAL BUILDING CONSTRUCTION","FLORENCE","AL","356306237",,,"T5J9U9BDFV33","T5J9U9BDFV33","FORSYTHE AND LONG ENGINEERING, INC","FORSYTHE AND LONG ENGINEERING,",,
"WL000200203DGS09P03WLC0019",,"0","0","DCA Definitive Contract","$6,908.00","Mar 15, 2002",,"4740","PUBLIC BUILDINGS SERVICE","LOS ANGELES SERVICE CENTER, NORTH SPRING FIELD OFFICE","S","Z111","MAINT-REP-ALT/OFFICE BLDGS","236220","COMMERCIAL AND INSTITUTIONAL BUILDING CONSTRUCTION","LOS ANGELES","CA","900195016",,,"JH18CJJMKMZ8","JH18CJJMKMZ8","LAWRENCE ROLL UP DOORS  INC.","LAWRENCE ROLL-UP DOORS, INC.",,
