Contract ID,Reference IDV,Modification Number,Transaction Number,Award/IDV Type,Action Obligation ($),Date Signed,Solicitation Date,Contracting Agency ID,Contracting Agency,Contracting Office Name,PSC Type,PSC,PSC Description,NAICS,NAICS Description,Entity City,Entity State,Entity ZIP Code,Additional Reporting Code,Additional Reporting Description,Unique Entity ID,Ultimate Parent Unique Entity ID,Ultimate Parent Legal Business Name,Legal Business Name,CAGE Code,
"0236CC10165",,"0","0","DCA Definitive Contract","$4,512,076.00","Jan 8, 2002",,"3300","SMITHSONIAN INSTITUTION","SMITHSONIAN INSTITUTION","S","Z199","MAINT-REP-ALT/MISC BLDGS","236220","COMMERCIAL AND INSTITUTIONAL BUILDING CONSTRUCTION","ROCKVILLE","MD","208522625",,,"C8XFN17EGCG3","C8XFN17EGCG3","AURORA  LLC","GRUNLEY WALSH JOINT VENTURE LIMITED LIABILITY COMPANY",,
"EX000199909DGS04P98EXC0020",,"PCF9","0","DCA Definitive Contract","$2,000.00","Jan 15, 2002",,"4740","PUBLIC BUILDINGS SERVICE","ACQUISITION DIVISION/NON-PROSPECTUS (SECTION A)","S","Y112","CONSTRUCT/CONF SPACE & FAC","236220","COMMERCIAL AND INSTITUTIONAL BUILDING CONSTRUCTION","CHESAPEAKE","VA","233202646",,,"T51XUEP1JV64","T51XUEP1JV64","DAY CONSTRUCTION CORPORATION,","S. W. DAY CONSTRUCTION CORPORA",,
"EX000200005DGS04P99EXC0014",,"PS54","0","DCA Definitive Contract","$3,000.00","Jan 15, 2002",,"4740","PUBLIC BUILDINGS SERVICE","ACQUISITION DIVISION/NON-PROSPECTUS (SECTION A)","S","Z111","MAINT-REP-ALT/OFFICE BLDGS","236220","COMMERCIAL AND INSTITUTIONAL BUILDING CONSTRUCTION","MONTGOMERY","AL","361091100",,,"KJ1ZS574VV73","KJ1ZS574VV73","CADDELL CONSTRUCTION CO.  INC.","CADDELL CONSTRUCTION COMPANY,",,
"EX000200005DGS04P99EXC0014",,"PS58","0","DCA Definitive Contract","$3,000.00","Jan 15, 2002",,"4740","PUBLIC BUILDINGS SERVICE","ACQUISITION DIVISION/NON-PROSPECTUS (SECTION A)","S","Z111","MAINT-REP-ALT/OFFICE BLDGS","236220","COMMERCIAL AND INSTITUTIONAL BUILDING CONSTRUCTION","MONTGOMERY","AL","361091100",,,"KJ1ZS574VV73","KJ1ZS574VV73","CADDELL CONSTRUCTION CO.  INC.","CADDELL CONSTRUCTION COMPANY,",,
"EX000200005DGS04P99EXC0014",,"PSD9","0","DCA Definitive Contract","$66,808.00","Jan 15, 2002",,"4740","PUBLIC BUILDINGS SERVICE","ACQUISITION DIVISION/NON-PROSPECTUS (SECTION A)","S","Z111","MAINT-REP-ALT/OFFICE BLDGS","236220","COMMERCIAL AND INSTITUTIONAL BUILDING CONSTRUCTION","MONTGOMERY","AL","361091100",,,"KJ1ZS574VV73","KJ1ZS574VV73","CADDELL CONSTRUCTION CO.  INC.","CADDELL CONSTRUCTION COMPANY,",,
"EX000200112DGS04P02EXC0063",,"PS09","0","DCA Definitive Contract","$15.00","Jan 15, 2002",,"4740","PUBLIC BUILDINGS SERVICE","ACQUISITION DIVISION/NON-PROSPECTUS (SECTION A)","S","C119","OTHER BUILDINGS","236220","COMMERCIAL AND INSTITUTIONAL BUILDING CONSTRUCTION","CINCINNATI","OH","452162216",,,"F3PQM5C4ATN8","F3PQM5C4ATN8","MESSER CONSTRUCTION CO.","MESSER CONSTRUCTION CO",,
"GS02P02PLC0021",,"0","0","DCA Definitive Contract","$3,702,869.00","Jan 7, 2002",,"4740","PUBLIC BUILDINGS SERVICE","GSA/PUBLIC BUILDINGS SERVICE","S","Z111","MAINT-REP-ALT/OFFICE BLDGS","236220","COMMERCIAL AND INSTITUTIONAL BUILDING CONSTRUCTION","CUMMING","GA","300413946",,,"GPKTKQ861MW3","NU22DRBJUB56","GLOBAL BUSINESS ALLIANCE  LTD","SECUREUSA INCORPORATED",,
"INICMH00010011",,"4","0","DCA Definitive Contract","$0.00","Jan 31, 2002",,"1450","BUREAU OF INDIAN AFFAIRS","WESTERN REGIONAL OFFICE","S","Z166","MAINT-REP-ALT/PENAL FACILITIES","236220","COMMERCIAL AND INSTITUTIONAL BUILDING CONSTRUCTION","TUCSON","AZ","857196742",,,"GM9SKMQCH5N5","GM9SKMQCH5N5","M.G.M. ASSOCIATES  INC.","M G M ASSOCIATES INCORPORATED",,
