Contract ID,Reference IDV,Modification Number,Transaction Number,Award/IDV Type,Action Obligation ($),Date Signed,Solicitation Date,Contracting Agency ID,Contracting Agency,Contracting Office Name,PSC Type,PSC,PSC Description,NAICS,NAICS Description,Entity City,Entity State,Entity ZIP Code,Additional Reporting Code,Additional Reporting Description,Unique Entity ID,Ultimate Parent Unique Entity ID,Ultimate Parent Legal Business Name,Legal Business Name,CAGE Code,
"0236CC10566",,"0","0","DCA Definitive Contract","$5,313,800.00","Sep 1, 2002",,"3300","SMITHSONIAN INSTITUTION","SMITHSONIAN INSTITUTION","S","Y199","CONSTRUCT/MISC BLDGS","236220","COMMERCIAL AND INSTITUTIONAL BUILDING CONSTRUCTION","HONOLULU","HI","968175392",,,"YQF5GKB6JK17","UJJEWMDG4LZ5","TAISEI CORPORATION","TAISEI CONSTRUCTION CORPORATION",,
"0236CC10566",,"10","0","DCA Definitive Contract","$24,200.00","Sep 24, 2002",,"3300","SMITHSONIAN INSTITUTION","SMITHSONIAN INSTITUTION","S","Y199","CONSTRUCT/MISC BLDGS","236220","COMMERCIAL AND INSTITUTIONAL BUILDING CONSTRUCTION","HONOLULU","HI","968175392",,,"YQF5GKB6JK17","UJJEWMDG4LZ5","TAISEI CORPORATION","TAISEI CONSTRUCTION CORPORATION",,
"0236CC10566",,"11","0","DCA Definitive Contract","$13,230.00","Sep 24, 2002",,"3300","SMITHSONIAN INSTITUTION","SMITHSONIAN INSTITUTION","S","Y199","CONSTRUCT/MISC BLDGS","236220","COMMERCIAL AND INSTITUTIONAL BUILDING CONSTRUCTION","HONOLULU","HI","968175392",,,"YQF5GKB6JK17","UJJEWMDG4LZ5","TAISEI CORPORATION","TAISEI CONSTRUCTION CORPORATION",,
"0236CC10573",,"0","0","DCA Definitive Contract","$1,866,433.00","Sep 30, 2002",,"3300","SMITHSONIAN INSTITUTION","SMITHSONIAN INSTITUTION","S","Z199","MAINT-REP-ALT/MISC BLDGS","236220","COMMERCIAL AND INSTITUTIONAL BUILDING CONSTRUCTION","GAITHERSBURG","MD","208794131",,,"JP6GFPG2EFS4","JP6GFPG2EFS4","TEX/AM CONSTRUCTION CO.  INC","TEX/AM CONSTRUCTION COMPANY INCORPORATED",,
"AG3K15503K1523500",,"0","0","DCA Definitive Contract","$2,261,246.00","Oct 1, 2002",,"12H2","AGRICULTURAL RESEARCH SERVICE","USDA ARS FD 3K15","S","Y119","CONSTRUCT/OTHER ADMIN & SVCS BLDGS","236220","COMMERCIAL AND INSTITUTIONAL BUILDING CONSTRUCTION","NEWPORT NEWS","VA","236073015",,,"SHG5YDSACYF1","SHG5YDSACYF1","BAY ELECTRIC CO.  INC.","BAY ELECTRIC COMPANY INCORPORATED",,
"ALMEC200009DSLMAQM00C6034",,"M042","0","DCA Definitive Contract","$89,000.00","Sep 15, 2002",,"1900","STATE, DEPARTMENT OF","OFFICE OF ACQUISITION MGMT - COMPRIZON","S","C211","A/E SVCS. (INCL LANDSCAPING INTERIO","236220","COMMERCIAL AND INSTITUTIONAL BUILDING CONSTRUCTION","BIRMINGHAM","AL","352094533",,,"XXNJCWMAKNH8","SRD8XK49KFY3","B.L. HARBERT HOLDINGS  L.L.C.","BL HARBERT INTERNATIONAL, LLC",,
"ALMEC200109DSALMEC01C0028",,"M005","0","DCA Definitive Contract","$32,000.00","Sep 15, 2002",,"1900","STATE, DEPARTMENT OF","OFFICE OF ACQUISITION MGMT - COMPRIZON","S","Y111","CONSTRUCTION OF OFFICE BUILDINGS","236220","COMMERCIAL AND INSTITUTIONAL BUILDING CONSTRUCTION","MOSCOW","* ",,,,"FY9BLGDE4ZX1","FY9BLGDE4ZX1","VETATEK CONSTRUCTION INSTALLAT","VETATEK CONSTRUCTION INSTALLAT",,
"ALMEC200209DSALMEC02C0009",,"0","0","DCA Definitive Contract","$40,176,000.00","Sep 15, 2002",,"1900","STATE, DEPARTMENT OF","OFFICE OF ACQUISITION MGMT - COMPRIZON","S","Y111","CONSTRUCTION OF OFFICE BUILDINGS","236220","COMMERCIAL AND INSTITUTIONAL BUILDING CONSTRUCTION","SEOUL","* ","100102",,,"EA4LCNPB4WP1","EA4LCNPB4WP1","SAMSUNG C&T CORPORATION","SAMSUNG CORPORATION",,
"ALMEC200209DSALMEC02C0019",,"0","0","DCA Definitive Contract","$46,053,000.00","Sep 15, 2002",,"1900","STATE, DEPARTMENT OF","OFFICE OF ACQUISITION MGMT - COMPRIZON","S","Y111","CONSTRUCTION OF OFFICE BUILDINGS","236220","COMMERCIAL AND INSTITUTIONAL BUILDING CONSTRUCTION","BIRMINGHAM","AL","352094533",,,"XXNJCWMAKNH8","SRD8XK49KFY3","B.L. HARBERT HOLDINGS  L.L.C.","BL HARBERT INTERNATIONAL, LLC",,
"AZ000200209DGS03P02AZC0075",,"0","0","DCA Definitive Contract","$304,917.43","Sep 15, 2002",,"4740","PUBLIC BUILDINGS SERVICE","GSA/PBS/R03 NORTH SERVICE CENTER","S","Z111","MAINT-REP-ALT/OFFICE BLDGS","236220","COMMERCIAL AND INSTITUTIONAL BUILDING CONSTRUCTION","ANCHORAGE","AK","995037228",,,"GX3PD6EXXMW3","R9JCCCG5ETB6","OLGOONIK CORPORATION","OLGOONIK LOGISTIVCS LLC       ",,
"CH500200209DSCH50002C3668",,"0","0","DCA Definitive Contract","$560,000.00","Sep 15, 2002",,"1900","STATE, DEPARTMENT OF","AMERICAN EMBASSY- BEIJING","S","Z111","MAINT-REP-ALT/OFFICE BLDGS","236220","COMMERCIAL AND INSTITUTIONAL BUILDING CONSTRUCTION","TAI KOK TSUI","* ",,,,"TGX4JSL4NSQ7","TGX4JSL4NSQ7","PAT DAVIE (CHINA) LTD","PAT DAVIE (CHINA) LIMITED",,
"DACA6102C0004",,"0","0","DCA Definitive Contract","$6,634,200.00","Oct 1, 2002",,"2100","DEPT OF THE ARMY","USA ENGINEER DSTRCT, PHILADELPHA","S","Y169","CONSTRUCT/OTHER RESIDENTIAL BLDGS","236220","COMMERCIAL AND INSTITUTIONAL BUILDING CONSTRUCTION","GAITHERSBURG","MD","20877",,,"WLP5PYSE1FD6","WLP5PYSE1FD6","COAKLEY & WILLIAMS CONSTRUCTION  INC","COAKLEY & WILLIAMS CONSTRUCTIO",,
"DAHA1202C0013",,"P00006","0","DCA Definitive Contract","-$30,603.00","Sep 30, 2002",,"2100","DEPT OF THE ARMY","USPFO FOR INDIANA","S","Y129","CONSTRUCT/OTHER AIRFIELD STRUCTURES","236220","COMMERCIAL AND INSTITUTIONAL BUILDING CONSTRUCTION","INDIANAPOLIS","IN","46228",,,"C3QAJLG8MLN5","C3QAJLG8MLN5","GARCIA CONSTRUCTION GROUP INC","G M  CONSTRUCTION, INC",,
"DAHA4101C0007",,"P00007","0","DCA Definitive Contract","$4,669.00","Oct 1, 2002",,"2100","DEPT OF THE ARMY","USPFO FOR TEXAS","S","Y111","CONSTRUCTION OF OFFICE BUILDINGS","236220","COMMERCIAL AND INSTITUTIONAL BUILDING CONSTRUCTION","LA PORTE","TX","77571",,,"YTWJZB5LEBB6","YTWJZB5LEBB6","COMEX","COMEX CORPORATION",,
"DAJA8902C4037",,"0","0","DCA Definitive Contract","$19,526.67","Sep 4, 2002",,"2100","DEPT OF THE ARMY","RCO WUERZBURG","S","Z199","MAINT-REP-ALT/MISC BLDGS","236220","COMMERCIAL AND INSTITUTIONAL BUILDING CONSTRUCTION","BONN",,"53179",,,"WWFNFCV65M13","WWFNFCV65M13","BUNDESAMT FUER BAUWESEN UND RAUMORDNUNG","BUNDESAMT FUER BAUWESEN UND RAUMORDNUNG",,
"DEAC0402AL68149",,"0","0","DCA Definitive Contract","$56,272.00","Sep 5, 2002",,"8900","ENERGY, DEPARTMENT OF","ALBUQUERQUE OPERATIONS OFFICE","S","Y111","CONSTRUCTION OF OFFICE BUILDINGS","236220","COMMERCIAL AND INSTITUTIONAL BUILDING CONSTRUCTION","ALBUQUERQUE","NM","871233209",,,"CJBWK9JSXED6","CJBWK9JSXED6","SAMCON  INC.","SAMCON INCORPORATED",,
"F4168901C0043",,"P00004","0","DCA Definitive Contract","$12,100.00","Oct 1, 2002",,"5700","DEPT OF THE AIR FORCE","AETC CONS/CC","S","Y119","CONSTRUCT/OTHER ADMIN & SVCS BLDGS","236220","COMMERCIAL AND INSTITUTIONAL BUILDING CONSTRUCTION","SOLDOTNA","AK","99669",,,"CHVDZ535KM36","CHVDZ535KM36",,"PACIFIC WEST/PENINSULA CONSTRU",,
"GB000200209DGS05P01GBC0036",,"0","0","DCA Definitive Contract","$186,000.00","Sep 15, 2002",,"4740","PUBLIC BUILDINGS SERVICE","ACQUISITION MANAGEMENT DIVISION","S","Z111","MAINT-REP-ALT/OFFICE BLDGS","236220","COMMERCIAL AND INSTITUTIONAL BUILDING CONSTRUCTION","CINCINNATI","OH","452162216",,,"F3PQM5C4ATN8","F3PQM5C4ATN8","MESSER CONSTRUCTION CO.","MESSER CONSTRUCTION CO - ATTN:",,
"GB000200209DGS05P01GBC0036",,"PA01","0","DCA Definitive Contract","$15,265,000.00","Sep 15, 2002",,"4740","PUBLIC BUILDINGS SERVICE","ACQUISITION MANAGEMENT DIVISION","S","Z111","MAINT-REP-ALT/OFFICE BLDGS","236220","COMMERCIAL AND INSTITUTIONAL BUILDING CONSTRUCTION","CINCINNATI","OH","452162216",,,"F3PQM5C4ATN8","F3PQM5C4ATN8","MESSER CONSTRUCTION CO.","MESSER CONSTRUCTION CO - ATTN:",,
"GE500200209DSGE50002C1139",,"0","0","DCA Definitive Contract","$814,000.00","Sep 15, 2002",,"1900","STATE, DEPARTMENT OF","AM. CONS. GEN.- FRANKFURT AM MAIN","S","Y291","CONSTRUCT/REC NON-BLDG STRUCTS","236220","COMMERCIAL AND INSTITUTIONAL BUILDING CONSTRUCTION","No data from D and B","*",,,,"VBF8YWQRMPZ3","VBF8YWQRMPZ3","U A B REGINA & CO","REGINA IR CO, CONSTRUCTION & R",,
"GE500200209DSGE50002C1200",,"0","0","DCA Definitive Contract","$3,543.00","Sep 15, 2002",,"1900","STATE, DEPARTMENT OF","AM. CONS. GEN.- FRANKFURT AM MAIN","S","Y291","CONSTRUCT/REC NON-BLDG STRUCTS","236220","COMMERCIAL AND INSTITUTIONAL BUILDING CONSTRUCTION","KAMPALA","*",,,,"CYPATN5QMNB6","CYPATN5QMNB6","CEMENTERS UGANDA LTD","CEMENTERS UGANDA LTD.",,
"GE500200209DSGE50002C1202",,"0","0","DCA Definitive Contract","-$484.00","Sep 15, 2002",,"1900","STATE, DEPARTMENT OF","AM. CONS. GEN.- FRANKFURT AM MAIN","S","Y291","CONSTRUCT/REC NON-BLDG STRUCTS","236220","COMMERCIAL AND INSTITUTIONAL BUILDING CONSTRUCTION","NAIROBI","*","00100",,,"VGU5RKB5KAY3","VGU5RKB5KAY3","MEGHJIBHAI PANCHA & COMPANY","MEGHJIBHAI PANCHA & COMPANY",,
"GE500200209DSGE50002C1217",,"0","0","DCA Definitive Contract","$3,442,000.00","Sep 15, 2002",,"1900","STATE, DEPARTMENT OF","AM. CONS. GEN.- FRANKFURT AM MAIN","S","Y111","CONSTRUCTION OF OFFICE BUILDINGS","236220","COMMERCIAL AND INSTITUTIONAL BUILDING CONSTRUCTION","KARLSTADT","*","97753",,,"D1Y5ZP5LQZP1","D1Y5ZP5LQZP1","SKE GMBH","SKE MAINTENANCE GMBH & CO. KG",,
"GE500200209DSGE50002M2017",,"0","0","DCA Definitive Contract","$67,000.00","Sep 15, 2002",,"1900","STATE, DEPARTMENT OF","AM. CONS. GEN.- FRANKFURT AM MAIN","S","Y291","CONSTRUCT/REC NON-BLDG STRUCTS","236220","COMMERCIAL AND INSTITUTIONAL BUILDING CONSTRUCTION",,,,,,"J2XMBE1GCFG3","J2XMBE1GCFG3","DOUGLAS ABRAHAMS + ARCHITECTS","DOUGLAS ABRAHAMS + ARCHITECTS",,
"GS03P02DXC0037",,"PA11","0","DCA Definitive Contract","$0.00","Sep 16, 2002",,"4740","PUBLIC BUILDINGS SERVICE","GSA/PBS/R03 SOUTH SERVICE CENTER","S","Z111","MAINT-REP-ALT/OFFICE BLDGS","236220","COMMERCIAL AND INSTITUTIONAL BUILDING CONSTRUCTION","BLADENSBURG","MD","207101114",,,"HBMPPSMP5EN7","HBMPPSMP5EN7","QUALITY ELEVATOR CO.  INC.","QUALITY ELEVATOR COMPANYINC",,
"GS03P02DXC0037",,"PC09","0","DCA Definitive Contract","$57,202.00","Sep 16, 2002",,"4740","PUBLIC BUILDINGS SERVICE","GSA/PBS/R03 SOUTH SERVICE CENTER","S","Z111","MAINT-REP-ALT/OFFICE BLDGS","236220","COMMERCIAL AND INSTITUTIONAL BUILDING CONSTRUCTION","BLADENSBURG","MD","207101114",,,"HBMPPSMP5EN7","HBMPPSMP5EN7","QUALITY ELEVATOR CO.  INC.","QUALITY ELEVATOR COMPANYINC",,
"GS03P02DXC0037",,"PS10","0","DCA Definitive Contract","$77,277.96","Sep 16, 2002",,"4740","PUBLIC BUILDINGS SERVICE","GSA/PBS/R03 SOUTH SERVICE CENTER","S","Z111","MAINT-REP-ALT/OFFICE BLDGS","236220","COMMERCIAL AND INSTITUTIONAL BUILDING CONSTRUCTION","BLADENSBURG","MD","207101114",,,"HBMPPSMP5EN7","HBMPPSMP5EN7","QUALITY ELEVATOR CO.  INC.","QUALITY ELEVATOR COMPANYINC",,
"GS04P01CXC0007",,"0","0","DCA Definitive Contract","$0.00","Oct 1, 2002",,"4740","PUBLIC BUILDINGS SERVICE","ACQUISITION DIVISION/SERVICES (SECTION A)","S","Z111","MAINT-REP-ALT/OFFICE BLDGS","236220","COMMERCIAL AND INSTITUTIONAL BUILDING CONSTRUCTION","ALBERTVILLE","AL","359502238",,,"VYBHWWZM87B3","VYBHWWZM87B3","CARMON CONSTRUCTION  INC.","CARMON CONSTRUCTION INCORPORATED",,
"GS09P01KTC0071",,"PS03","0","DCA Definitive Contract","$4,712,968.00","Sep 3, 2002",,"4740","PUBLIC BUILDINGS SERVICE","DESIGN AND CONSTRUCTION DIVISION","S","Z111","MAINT-REP-ALT/OFFICE BLDGS","236220","COMMERCIAL AND INSTITUTIONAL BUILDING CONSTRUCTION","LARGE","PA","150253645",,,"S3KFY78MBBP6","LKHSVNLBGFX5","DCK WORLDWIDE  LLC","DICK CORPORATION",,
"GS09P99KTC0020",,"PC03","0","DCA Definitive Contract","$22,050.00","Sep 30, 2002",,"4740","PUBLIC BUILDINGS SERVICE","DESIGN AND CONSTRUCTION DIVISION","S","Y111","CONSTRUCTION OF OFFICE BUILDINGS","236220","COMMERCIAL AND INSTITUTIONAL BUILDING CONSTRUCTION","PRESCOTT","AZ","863011037",,,"JGBWPTHEF839","JGBWPTHEF839","HUNT CONSTRUCTION INCORPORATED","HUNT CONSTRUCTION INCORPORATED",,
"GS11P01MAC0540",,"AS10","0","DCA Definitive Contract","$50,584.00","Sep 22, 2002",,"4740","PUBLIC BUILDINGS SERVICE","WPHBA - CAPITAL CONSTRUCTION BRANCH","S","Z111","MAINT-REP-ALT/OFFICE BLDGS","236220","COMMERCIAL AND INSTITUTIONAL BUILDING CONSTRUCTION","ROCKVILLE","MD","208523108",,,"R6CPWWDD4AM1","R6CPWWDD4AM1","GRUNLEY CONSTRUCTION CO.  INC.","GRUNLEY CONSTRUCTION COMPANY",,
"GS11P01MAC0540",,"AS11","0","DCA Definitive Contract","$16,526.00","Sep 22, 2002",,"4740","PUBLIC BUILDINGS SERVICE","WPHBA - CAPITAL CONSTRUCTION BRANCH","S","Z111","MAINT-REP-ALT/OFFICE BLDGS","236220","COMMERCIAL AND INSTITUTIONAL BUILDING CONSTRUCTION","ROCKVILLE","MD","208523108",,,"R6CPWWDD4AM1","R6CPWWDD4AM1","GRUNLEY CONSTRUCTION CO.  INC.","GRUNLEY CONSTRUCTION COMPANY",,
"GS11P02MKC0041",,"0","0","DCA Definitive Contract","$55,751,000.00","Sep 27, 2002",,"4740","PUBLIC BUILDINGS SERVICE","WPHBA - CAPITAL CONSTRUCTION BRANCH","S","Z111","MAINT-REP-ALT/OFFICE BLDGS","236220","COMMERCIAL AND INSTITUTIONAL BUILDING CONSTRUCTION","FAIRFAX","VA","220306028",,,"JAEAYDNDG721","JAEAYDNDG721",,"CENTEX CONSTRUCTION COMPANY INCORPORATED",,
"GY000200008DGS06P00GYC0016",,"PS18","0","DCA Definitive Contract","-$5,000.00","Sep 15, 2002",,"4740","PUBLIC BUILDINGS SERVICE","GSA/PUBLIC BUILDINGS SERVICE","S","C111","BLDGS & FAC / ADMIN & SVC BLDGS","236220","COMMERCIAL AND INSTITUTIONAL BUILDING CONSTRUCTION","TAUNTON","MA","027801071",,,"Q42MF6DZGZ39","UHRCB94R44E9","QUANTA SERVICES  INC.","THE RYAN CO",,
"GY000200205DGS06P02GYC0021",,"PS05","0","DCA Definitive Contract","-$1,000.00","Sep 15, 2002",,"4740","PUBLIC BUILDINGS SERVICE","GSA/PUBLIC BUILDINGS SERVICE","S","Z111","MAINT-REP-ALT/OFFICE BLDGS","236220","COMMERCIAL AND INSTITUTIONAL BUILDING CONSTRUCTION","FORT WALTON BEACH","FL","325472557",,,"SLY3WCJ1RGD5","SLY3WCJ1RGD5","RL CAMPBELL MANAGEMENT SERVICES  INC.","R. L. CAMPBELL ROOFING CO, INC",,
"GY000200205DGS06P02GYC0021",,"PS06","0","DCA Definitive Contract","$1,985.00","Sep 15, 2002",,"4740","PUBLIC BUILDINGS SERVICE","GSA/PUBLIC BUILDINGS SERVICE","S","Z111","MAINT-REP-ALT/OFFICE BLDGS","236220","COMMERCIAL AND INSTITUTIONAL BUILDING CONSTRUCTION","FORT WALTON BEACH","FL","325472557",,,"SLY3WCJ1RGD5","SLY3WCJ1RGD5","RL CAMPBELL MANAGEMENT SERVICES  INC.","R. L. CAMPBELL ROOFING CO, INC",,
"HHSN29220020330C",,"0","0","DCA Definitive Contract","$637,177.00","Sep 19, 2002",,"7529","NATIONAL INSTITUTES OF HEALTH","OD OM ORFDO OA OFC ACQUISITIONS","S","AD61","CONSTRUCTION (BASIC)","236220","COMMERCIAL AND INSTITUTIONAL BUILDING CONSTRUCTION","WASHINGTON","DC","200112942",,,"LZYUDX42KJN9","LZYUDX42KJN9","FEMCO  INC.","FEMCO, INC.",,
"INICMH00010011",,"5","0","DCA Definitive Contract","$209,712.00","Sep 23, 2002",,"1450","BUREAU OF INDIAN AFFAIRS","WESTERN REGIONAL OFFICE","S","Z166","MAINT-REP-ALT/PENAL FACILITIES","236220","COMMERCIAL AND INSTITUTIONAL BUILDING CONSTRUCTION","TUCSON","AZ","857196742",,,"GM9SKMQCH5N5","GM9SKMQCH5N5","M.G.M. ASSOCIATES  INC.","M G M ASSOCIATES INCORPORATED",,
"LARC0200203DNAS102082",,"1","0","DCA Definitive Contract","-$12,000.00","Sep 15, 2002",,"8000","NATIONAL AERONAUTICS AND SPACE ADMINISTRATION","LANGLEY RESEARCH CENTER","S","Z139","MAINT-REP-ALT/OTHER EDUCATIONAL BLD","236220","COMMERCIAL AND INSTITUTIONAL BUILDING CONSTRUCTION","HAMPTON","VA","236661393",,,"EGBEP2ELA4R1","EGBEP2ELA4R1","MANOJ K. SHAH, INC.","MANOJ K SHAH INC",,
"LARC0200203DNAS102083",,"1","0","DCA Definitive Contract","$6,000.00","Sep 15, 2002",,"8000","NATIONAL AERONAUTICS AND SPACE ADMINISTRATION","LANGLEY RESEARCH CENTER","S","Z182","MAINT-REP-ALT/R&D GOGO FACILITIES","236220","COMMERCIAL AND INSTITUTIONAL BUILDING CONSTRUCTION","NORFOLK","VA","235044613",,,"DLG5WD1GAJ34","DLG5WD1GAJ34","BLUERIDGE GENERAL  INC.","BLUERIDGE GENERAL, INC",,
"MSFC0200112DNAS802025",,"3","0","DCA Definitive Contract","$57,000.00","Sep 15, 2002",,"8000","NATIONAL AERONAUTICS AND SPACE ADMINISTRATION","MARSHALL SPACE FLIGHT CENTER","S","Z119","MAINT-REP-ALT/OTHER ADMIN BLDGS","236220","COMMERCIAL AND INSTITUTIONAL BUILDING CONSTRUCTION","HUNTSVILLE","AL","358111780",,,"G77QL7JGAZW9","G77QL7JGAZW9","TENNESSEE VALLEY CONTRACTORS CORP","TENNESSEE VALLEY CONTRACTORS C",,
"N3319100C0214",,"A00005","0","DCA Definitive Contract","$37,304.00","Oct 1, 2002",,"1700","DEPT OF THE NAVY","NAVAL FACILITIES ENGINEERING COM","S","Y123","CONSTRUCT/RADAR & NAVIGATIONAL FAC","236220","COMMERCIAL AND INSTITUTIONAL BUILDING CONSTRUCTION","FILO - ARGENTA","IT",,,,"L2X1LHLGBLR3","L2X1LHLGBLR3","COOPERATIVA MURATORI RIUNITI SOC. COOP. ARL","COOPERATIVA MURATORI RIUNITI S",,
"N3319100C0214",,"A00006","0","DCA Definitive Contract","$40,076.00","Oct 1, 2002",,"1700","DEPT OF THE NAVY","NAVAL FACILITIES ENGINEERING COM","S","Y123","CONSTRUCT/RADAR & NAVIGATIONAL FAC","236220","COMMERCIAL AND INSTITUTIONAL BUILDING CONSTRUCTION","FILO - ARGENTA","IT",,,,"L2X1LHLGBLR3","L2X1LHLGBLR3","COOPERATIVA MURATORI RIUNITI SOC. COOP. ARL","COOPERATIVA MURATORI RIUNITI S",,
"N3319101C0015",,"P00001","0","DCA Definitive Contract","$10,467.00","Oct 1, 2002",,"1700","DEPT OF THE NAVY","NAVAL FACILITIES ENGINEERING COM","S","Z111","MAINT-REP-ALT/OFFICE BLDGS","236220","COMMERCIAL AND INSTITUTIONAL BUILDING CONSTRUCTION","ST. ALBANS","UK","AL2 3",,,"GDSNN7X5QNA8","GDSNN7X5QNA8","ASEAS U K LTD","ASEAS U K LTD",,
"N3319101C0015",,"P00002","0","DCA Definitive Contract","$83,844.00","Oct 1, 2002",,"1700","DEPT OF THE NAVY","NAVAL FACILITIES ENGINEERING COM","S","Z111","MAINT-REP-ALT/OFFICE BLDGS","236220","COMMERCIAL AND INSTITUTIONAL BUILDING CONSTRUCTION","ST. ALBANS","UK","AL2 3",,,"GDSNN7X5QNA8","GDSNN7X5QNA8","ASEAS U K LTD","ASEAS U K LTD",,
"N3319101C0024",,"P00001","0","DCA Definitive Contract","$79,960.00","Oct 1, 2002",,"1700","DEPT OF THE NAVY","NAVAL FACILITIES ENGINEERING COM","S","Z111","MAINT-REP-ALT/OFFICE BLDGS","236220","COMMERCIAL AND INSTITUTIONAL BUILDING CONSTRUCTION","WARRINGTON","UK","WA3 6",,,"ZMBDPH5E18V4","ZMBDPH5E18V4","CLAREMONT BUSINESS ENVIROMENTS","CLAREMONT BUSINESS ENVIROMENTS",,
"N3319102C0403",,"P00001","0","DCA Definitive Contract","$4,187.00","Oct 1, 2002",,"1700","DEPT OF THE NAVY","NAVAL FACILITIES ENGINEERING COM","S","Z119","MAINT-REP-ALT/OTHER ADMIN BLDGS","236220","COMMERCIAL AND INSTITUTIONAL BUILDING CONSTRUCTION","NAPOLI","IT",,,,"P4XKG9LP1QP7","P4XKG9LP1QP7","LA TERMICA SRL","LA TERMIEA SRL",,
"N3319199C2111",,"A00007","0","DCA Definitive Contract","$723.00","Oct 1, 2002",,"1700","DEPT OF THE NAVY","NAVAL FACILITIES ENGINEERING COM","S","Y162","CONSTRUCT/RECREATIONAL BLDGS","236220","COMMERCIAL AND INSTITUTIONAL BUILDING CONSTRUCTION","FILO - ARGENTA","IT",,,,"L2X1LHLGBLR3","L2X1LHLGBLR3","COOPERATIVA MURATORI RIUNITI SOC. COOP. ARL","COOPERATIVA MURATORI RIUNITI S",,
"N6246701C0279",,"P00002","0","DCA Definitive Contract","$34,541.00","Oct 1, 2002",,"1700","DEPT OF THE NAVY","NAVAL FACILITIES ENGINEERING COM","S","Y199","CONSTRUCT/MISC BLDGS","236220","COMMERCIAL AND INSTITUTIONAL BUILDING CONSTRUCTION","ABBEVILLE","AL","36310",,,"EFL2BCDWNR55","EFL2BCDWNR55","ADVANCED DISPOSAL SERVICES BIRMINGHAM  INC.","URRUTIA, INCORPORATED",,
"N6246702C2925",,"0","0","DCA Definitive Contract","$407,998.00","Oct 1, 2002",,"1700","DEPT OF THE NAVY","NAVAL FACILITIES ENGINEERING COM","S","Z199","MAINT-REP-ALT/MISC BLDGS","236220","COMMERCIAL AND INSTITUTIONAL BUILDING CONSTRUCTION","NEWBERRY","FL","32669",,,"C16GLRZ3QJW8","C16GLRZ3QJW8","ELLIS ENVIRONMENTAL GROUP  LLC","ELLIS ENVIRONMENTAL GROUP, LC",,
"N6246794C0679",,"P00012","0","DCA Definitive Contract","-$9,053.00","Oct 1, 2002",,"1700","DEPT OF THE NAVY","NAVAL FACILITIES ENGINEERING COM","S","Y151","CONSTRUCT/AMMUNITION FACILITIES","236220","COMMERCIAL AND INSTITUTIONAL BUILDING CONSTRUCTION","HOUSTON","TX","77079",,,"LYT1J2VFCWF6","LYT1J2VFCWF6",,"HARROP CONSTRUCTION COMPANY, I",,
"N6246794C0710",,"0","0","DCA Definitive Contract","$0.00","Oct 1, 2002",,"1700","DEPT OF THE NAVY","NAVAL FACILITIES ENGINEERING COM","S","Y139","CONSTRUCT/OTHER EDUCATIONAL BLDGS","236220","COMMERCIAL AND INSTITUTIONAL BUILDING CONSTRUCTION","HOUSTON","TX","77079",,,"LYT1J2VFCWF6","LYT1J2VFCWF6",,"HARROP CONSTRUCTION COMPANY, I",,
"N6246794C0710",,"P00004","0","DCA Definitive Contract","-$1,134.00","Oct 1, 2002",,"1700","DEPT OF THE NAVY","NAVAL FACILITIES ENGINEERING COM","S","Y139","CONSTRUCT/OTHER EDUCATIONAL BLDGS","236220","COMMERCIAL AND INSTITUTIONAL BUILDING CONSTRUCTION","HOUSTON","TX","77079",,,"LYT1J2VFCWF6","LYT1J2VFCWF6",,"HARROP CONSTRUCTION COMPANY, I",,
"N6246798C1123",,"P00013","0","DCA Definitive Contract","-$206,550.00","Oct 1, 2002",,"1700","DEPT OF THE NAVY","NAVAL FACILITIES ENGINEERING COM","S","Y121","CONSTRUCT/AIR TRAFFIC CONT TOWERS","236220","COMMERCIAL AND INSTITUTIONAL BUILDING CONSTRUCTION","MONTGOMERY","AL","36104",,,"CVMKDBGAMH24","CVMKDBGAMH24","CLEMENT CONTRACTING GROUP  INC.","CLEMENT CONTRACTING GROUP,INC",,
"N6246799C3239",,"P00002","0","DCA Definitive Contract","-$749,622.00","Oct 1, 2002",,"1700","DEPT OF THE NAVY","NAVAL FACILITIES ENGINEERING COM","S","Z223","MAINT-REP-ALT/TUNNELS-SUBSURF STRUC","236220","COMMERCIAL AND INSTITUTIONAL BUILDING CONSTRUCTION","LAKELAND","FL","33811",,,"YMHFNFJTUGS7","YMHFNFJTUGS7","OES ENVIRONMENTAL, INC","OES ENVIRONMENTAL, INC",,
"N6247000C3354",,"P00018","0","DCA Definitive Contract","$204,686.00","Oct 1, 2002",,"1700","DEPT OF THE NAVY","NAVAL FACILITIES ENGINEERING COM","S","Z111","MAINT-REP-ALT/OFFICE BLDGS","236220","COMMERCIAL AND INSTITUTIONAL BUILDING CONSTRUCTION","VIRGINIA BEACH","VA","23451",,,"GSR5X93FXGA5","GSR5X93FXGA5","McKenzie Construction Corporation","MCKENZIE CONSTRUCTION CORP",,
"N6247001C1136",,"P00001","0","DCA Definitive Contract","$9,998.00","Oct 1, 2002",,"1700","DEPT OF THE NAVY","NAVAL FACILITIES ENGINEERING COM","S","Y124","CONSTRUCTION OF AIRPORT RUNWAYS","236220","COMMERCIAL AND INSTITUTIONAL BUILDING CONSTRUCTION","VIRGINIA BEACH","VA","23462",,,"K5QNK44NQ7R8","K5QNK44NQ7R8","PIPELINE & INDUSTRIAL GROUP  INC.","PIPELINE & INDUSTRIAL GROUP, I",,
"N6247001C1136",,"P00002","0","DCA Definitive Contract","$18,700.00","Oct 1, 2002",,"1700","DEPT OF THE NAVY","NAVAL FACILITIES ENGINEERING COM","S","Y124","CONSTRUCTION OF AIRPORT RUNWAYS","236220","COMMERCIAL AND INSTITUTIONAL BUILDING CONSTRUCTION","VIRGINIA BEACH","VA","23462",,,"K5QNK44NQ7R8","K5QNK44NQ7R8","PIPELINE & INDUSTRIAL GROUP  INC.","PIPELINE & INDUSTRIAL GROUP, I",,
"N6247002C5344",,"0","0","DCA Definitive Contract","$179,000.00","Oct 1, 2002",,"1700","DEPT OF THE NAVY","NAVAL FACILITIES ENGINEERING COM","S","Z119","MAINT-REP-ALT/OTHER ADMIN BLDGS","236220","COMMERCIAL AND INSTITUTIONAL BUILDING CONSTRUCTION","NORFOLK","VA","23502",,,"L9N3N6DXLP25","L9N3N6DXLP25","PROGRESSIVE CONCEPTS ARCHITECTS BUILDERS INC","PROGRESSIVE CONCEPTS",,
"N6247002C6636",,"P00010","0","DCA Definitive Contract","$41,017.00","Oct 1, 2002",,"1700","DEPT OF THE NAVY","NAVAL FACILITIES ENGINEERING COM","S","Z299","MAINT, REP/ALTER/ALL OTHER","236220","COMMERCIAL AND INSTITUTIONAL BUILDING CONSTRUCTION","VIRGINIA BEACH","VA","23452",,,"NA9GSPVPK8U3","LMRMKLLL3LG5","TETRA TECH  INC.","TESORO CORPORATION",,
"N6247096C6076",,"P00065","0","DCA Definitive Contract","-$150,000.00","Oct 1, 2002",,"1700","DEPT OF THE NAVY","NAVAL FACILITIES ENGINEERING COM","S","Z119","MAINT-REP-ALT/OTHER ADMIN BLDGS","236220","COMMERCIAL AND INSTITUTIONAL BUILDING CONSTRUCTION","VIRGINIA BEACH","VA","23462",,,"Y7QQX6AQ71H4","Y7QQX6AQ71H4","CHIANELLI BUILDING CORP","CHIANELLI BUILDING CORPORATION",,
"N6247097C7704",,"P00024","0","DCA Definitive Contract","$8,096.00","Oct 1, 2002",,"1700","DEPT OF THE NAVY","NAVAL FACILITIES ENGINEERING COM","S","Z161","MAINT-REP-ALT/FAMILY HOUSING","236220","COMMERCIAL AND INSTITUTIONAL BUILDING CONSTRUCTION","TOA BAJA","PR","00949",,,"VZVMMKVEBHA4","VZVMMKVEBHA4","FERMIN O GONZALEZ INC","FERMIN O  GONZALEZ, INC",,
"N6247098C8109",,"P00025","0","DCA Definitive Contract","$44,000.00","Oct 1, 2002",,"1700","DEPT OF THE NAVY","NAVAL FACILITIES ENGINEERING COM","S","Y119","CONSTRUCT/OTHER ADMIN & SVCS BLDGS","236220","COMMERCIAL AND INSTITUTIONAL BUILDING CONSTRUCTION","LEXINGTON","KY","40507",,,"XV3ALULKEKM8","XJN2JTD63JL8","GRAY  INC.","JAMES N  GRAY COMPANY",,
"N6247201C2723",,"P00001","0","DCA Definitive Contract","$89,759.00","Oct 1, 2002",,"1700","DEPT OF THE NAVY","NAVAL FACILITIES ENGINEERING COM","S","Z111","MAINT-REP-ALT/OFFICE BLDGS","236220","COMMERCIAL AND INSTITUTIONAL BUILDING CONSTRUCTION","YAPHANK","NY","11980",,,"C2K2V7MKMBN7","C2K2V7MKMBN7","HAMPTON CONSTRUCTION CORP.","HAMPTON CONSTRUCTION CORP",,
"N6247299C0027",,"A00004","0","DCA Definitive Contract","-$11,012.00","Oct 1, 2002",,"1700","DEPT OF THE NAVY","NAVAL FACILITIES ENGINEERING COM","S","Y199","CONSTRUCT/MISC BLDGS","236220","COMMERCIAL AND INSTITUTIONAL BUILDING CONSTRUCTION","BELLEVILLE","NJ","07109",,,"J2BKHKWK5AH3","J2BKHKWK5AH3","INTEGRATED CONSTRUCTION ENTERPRISES  INC.","INTEGRATED CONSTRUCTION ENTERP",,
"N6247400C3016",,"P00014","0","DCA Definitive Contract","-$172.00","Oct 1, 2002",,"1700","DEPT OF THE NAVY","NAVAL FACILITIES ENGINEERING COM","S","Z161","MAINT-REP-ALT/FAMILY HOUSING","236220","COMMERCIAL AND INSTITUTIONAL BUILDING CONSTRUCTION","SAN DIEGO","CA","92130",,,"C7X7TQ94DL69","C7X7TQ94DL69","SELCO, INC","SELCO, INC",,
"N6247700C0122",,"A00034","0","DCA Definitive Contract","-$624.00","Oct 1, 2002",,"1700","DEPT OF THE NAVY","NAVAL FACILITIES ENGINEERING COM","S","Y111","CONSTRUCTION OF OFFICE BUILDINGS","236220","COMMERCIAL AND INSTITUTIONAL BUILDING CONSTRUCTION","ROCKVILLE","MD","20852",,,"SNJKMKKA9LA1","SNJKMKKA9LA1","JOHN C. GRIMBERG CO.  INC.","JOHN C  GRIMBERG CO , INC",,
"N6247701C0094",,"A00004","0","DCA Definitive Contract","$17,471.00","Oct 1, 2002",,"1700","DEPT OF THE NAVY","NAVAL FACILITIES ENGINEERING COM","S","Y199","CONSTRUCT/MISC BLDGS","236220","COMMERCIAL AND INSTITUTIONAL BUILDING CONSTRUCTION","CLINTON","MD","20735",,,"NQPPYAMJLHK3","NQPPYAMJLHK3","JOWETT, INCORPORATED","JOWETT INC",,
"N6247702C1013",,"P00001","0","DCA Definitive Contract","$6,745.00","Oct 1, 2002",,"1700","DEPT OF THE NAVY","NAVAL FACILITIES ENGINEERING COM","S","Z119","MAINT-REP-ALT/OTHER ADMIN BLDGS","236220","COMMERCIAL AND INSTITUTIONAL BUILDING CONSTRUCTION","AURORA","CO","80014",,,"KYZNQQ2KE2K7","KYZNQQ2KE2K7","MARTINEZ INTERNATIONAL CORPORATION","MARTINEZ INTERNATIONAL CORP",,
"N6247799C1060",,"0","0","DCA Definitive Contract","$3,700,719.00","Oct 1, 2002",,"1700","DEPT OF THE NAVY","NAVAL FACILITIES ENGINEERING COM","S","Z166","MAINT-REP-ALT/PENAL FACILITIES","236220","COMMERCIAL AND INSTITUTIONAL BUILDING CONSTRUCTION","JACKSONVILLE","FL","32256",,,"SBVUVJ2G3NL4","F58ABW7WBAV7","SAUER HOLDINGS  INC.","SAUER INCORPORATED",,
"N6871101C0408",,"P00002","0","DCA Definitive Contract","$6,082.00","Oct 1, 2002",,"1700","DEPT OF THE NAVY","NAVAL FACILITIES ENGINEERING COM","S","Z199","MAINT-REP-ALT/MISC BLDGS","236220","COMMERCIAL AND INSTITUTIONAL BUILDING CONSTRUCTION","APPLE VALLEY","CA","92307",,,"DLNZJ7P4GT21","DLNZJ7P4GT21",,"FEDERAL CONTRACT SERVICES, INC",,
"N6871101C0408",,"P00004","0","DCA Definitive Contract","$2,212.00","Oct 1, 2002",,"1700","DEPT OF THE NAVY","NAVAL FACILITIES ENGINEERING COM","S","Z199","MAINT-REP-ALT/MISC BLDGS","236220","COMMERCIAL AND INSTITUTIONAL BUILDING CONSTRUCTION","APPLE VALLEY","CA","92307",,,"DLNZJ7P4GT21","DLNZJ7P4GT21",,"FEDERAL CONTRACT SERVICES, INC",,
"N6871102C2005",,"A00004","0","DCA Definitive Contract","$7,000.00","Oct 1, 2002",,"1700","DEPT OF THE NAVY","NAVAL FACILITIES ENGINEERING COM","S","Y163","CONSTRUCT/TROOP HOUSING","236220","COMMERCIAL AND INSTITUTIONAL BUILDING CONSTRUCTION","SAN DIEGO","CA","92110",,,"D923JNQLCGZ8","D923JNQLCGZ8","SOLPAC  INC.","SOLPAC, INC",,
"N6895002C0022",,"P00002","0","DCA Definitive Contract","-$3,095.00","Oct 1, 2002",,"1700","DEPT OF THE NAVY","NAVAL FACILITIES ENGINEERING COM","S","Y222","CONSTRUCT/HIGHWAYS-RDS-STS-BRDGS-RA","236220","COMMERCIAL AND INSTITUTIONAL BUILDING CONSTRUCTION","COLUMBIA","MO","65202",,,"PK2HQTMTJ757","PK2HQTMTJ757","BOONE CONSTRUCTION CO","BOONE CONSTRUCTION CO",,
"PK400200209DSPK40002C0207",,"0","0","DCA Definitive Contract","$160,000.00","Sep 15, 2002",,"1900","STATE, DEPARTMENT OF","AM. CONS. GEN.- KARACHI","S","Y111","CONSTRUCTION OF OFFICE BUILDINGS","236220","COMMERCIAL AND INSTITUTIONAL BUILDING CONSTRUCTION","No data from D and B","* ",,,,"ZJJNBVLJPFV8","ZJJNBVLJPFV8","JAFSONS & COMPANY PTY LTD","JAFSONS & COMPANY PTY LTD",,
"PW000200205DGS02P02PWC0021",,"PS01","0","DCA Definitive Contract","$7,000.00","Sep 15, 2002",,"4740","PUBLIC BUILDINGS SERVICE","GSA PBS R2 ACQUISITION MANAGEMENT DIVISION","S","Z111","MAINT-REP-ALT/OFFICE BLDGS","236220","COMMERCIAL AND INSTITUTIONAL BUILDING CONSTRUCTION","CAMILLUS","NY","130319726",,,"RKNCZ65TA5A5","RKNCZ65TA5A5","CLARK CONTRACTING, LLC","CLARK CONTRACTING, LLC",,
"SALMEC02C0019",,"0","0","DCA Definitive Contract","$46,067,307.00","Sep 24, 2002",,"1900","STATE, DEPARTMENT OF","OFFICE OF ACQUISITION MGMT - COMPRIZON","S","Y111","CONSTRUCTION OF OFFICE BUILDINGS","236220","COMMERCIAL AND INSTITUTIONAL BUILDING CONSTRUCTION","BIRMINGHAM","AL","352094510",,,"XNXMDDX3LV67","XNXMDDX3LV67","HARBERT, BILL INTERNATIONAL CONSTRUCTION INC","BILL HARBERT CONSTRUCTION A DIVISION OF BILL HARBERT INTERN",,
"SALMEC02C0025",,"0","0","DCA Definitive Contract","$1,025,000.00","Sep 16, 2002",,"1900","STATE, DEPARTMENT OF","OFFICE OF ACQUISITION MGMT - COMPRIZON","S","Y111","CONSTRUCTION OF OFFICE BUILDINGS","236220","COMMERCIAL AND INSTITUTIONAL BUILDING CONSTRUCTION","LEBANON","NJ","088332163",,,"KLRMTM8CE4V9","KLRMTM8CE4V9","KULLMAN INDUSTRIES INC","KULLMAN INDUSTRIES INCORPORATED",,
"SALMEC02C0025",,"M001","0","DCA Definitive Contract","$0.00","Sep 30, 2002",,"1900","STATE, DEPARTMENT OF","OFFICE OF ACQUISITION MGMT - COMPRIZON","S","Y111","CONSTRUCTION OF OFFICE BUILDINGS","236220","COMMERCIAL AND INSTITUTIONAL BUILDING CONSTRUCTION","LEBANON","NJ","088332163",,,"KLRMTM8CE4V9","KLRMTM8CE4V9","KULLMAN INDUSTRIES INC","KULLMAN INDUSTRIES INCORPORATED",,
"SALMEC02C0025",,"M002","0","DCA Definitive Contract","$60,730,000.00","Sep 30, 2002",,"1900","STATE, DEPARTMENT OF","OFFICE OF ACQUISITION MGMT - COMPRIZON","S","Y111","CONSTRUCTION OF OFFICE BUILDINGS","236220","COMMERCIAL AND INSTITUTIONAL BUILDING CONSTRUCTION","LEBANON","NJ","088332163",,,"KLRMTM8CE4V9","KLRMTM8CE4V9","KULLMAN INDUSTRIES INC","KULLMAN INDUSTRIES INCORPORATED",,
"SALMEC02C0042",,"0","0","DCA Definitive Contract","$114,998,879.00","Sep 30, 2002",,"1900","STATE, DEPARTMENT OF","OFFICE OF ACQUISITION MGMT - COMPRIZON","S","Y111","CONSTRUCTION OF OFFICE BUILDINGS","236220","COMMERCIAL AND INSTITUTIONAL BUILDING CONSTRUCTION","HOUSTON","TX","770635138",,,"HAB2Q9GTNWC3","HAB2Q9GTNWC3","BROWN & ROOT SERVICES","BROWN AND ROOT SERVICES A DIVISION OF KELLOGG BROWN AND ROOT I",,
"SGM50002C1157",,"0","0","DCA Definitive Contract","$0.00","Sep 5, 2002",,"1900","STATE, DEPARTMENT OF","AM. CONS. GEN.- FRANKFURT AM MAIN","S","Y111","CONSTRUCTION OF OFFICE BUILDINGS","236220","COMMERCIAL AND INSTITUTIONAL BUILDING CONSTRUCTION","ARLINGTON","VA","222023732",,,"LN9PU5M2YZN5","LN9PU5M2YZN5","MISCELLANEOUS FOREIGN CONTRACTORS","MISCELLANEOUS FOREIGN CONTRACTORS",,
"WHARC200209DSWHARC02C0006",,"0","0","DCA Definitive Contract","$601,000.00","Sep 15, 2002",,"1900","STATE, DEPARTMENT OF","FLORIDA REGIONAL CENTER (RPSO)","S","Y119","CONSTRUCT/OTHER ADMIN & SVCS BLDGS","236220","COMMERCIAL AND INSTITUTIONAL BUILDING CONSTRUCTION","ASUNCION","* ",,,,"CT67BDM1HCA5","CT67BDM1HCA5","TECNO-ELECTRIC S.A.","TECNO ELECTRIC S.A.",,
