Contract ID,Reference IDV,Modification Number,Transaction Number,Award/IDV Type,Action Obligation ($),Date Signed,Solicitation Date,Contracting Agency ID,Contracting Agency,Contracting Office Name,PSC Type,PSC,PSC Description,NAICS,NAICS Description,Entity City,Entity State,Entity ZIP Code,Additional Reporting Code,Additional Reporting Description,Unique Entity ID,Ultimate Parent Unique Entity ID,Ultimate Parent Legal Business Name,Legal Business Name,CAGE Code,
"00081200307D03CC810889",,"8","0","DCA Definitive Contract","$0.00","Jun 10, 2001",,"1425","BUREAU OF RECLAMATION","DENVER-OPERATIONS OFFICE","S","C215","A/E PROD ENG SVCS (INCL DESIGN-CONT","236220","COMMERCIAL AND INSTITUTIONAL BUILDING CONSTRUCTION","LAGUNA","NM","870260000",,,"ZSUANYC4XJX4","ZSUANYC4XJX4","LAGUNA CONSTRUCTION COMPANY, INC.","LAGUNA CONSTRUCTION COMPANY INCORPORATED",,
"00247200106D247010040",,"0","0","DCA Definitive Contract","$379,000.00","Jun 25, 2001",,"7520","PUBLIC HEALTH SERVICE","DEPT OF HHS/PUBLIC HEALTH SERVICE","S","Y161","CONSTRUCT/FAMILY HOUSING","236220","COMMERCIAL AND INSTITUTIONAL BUILDING CONSTRUCTION","TEMPE","AZ","852821637",,,"NUE7CU2KJ5B7","NUE7CU2KJ5B7","KILASHEE CONTRACTING CORP","KILASHEE CONTRACTING CORPORATION",,
"GS01P01BZC0010",,"0","0","DCA Definitive Contract","$752,000.00","Jun 15, 2001",,"4740","PUBLIC BUILDINGS SERVICE","GSA/PBS NEW ENGLAND REGION","S","Z111","MAINT-REP-ALT/OFFICE BLDGS","236220","COMMERCIAL AND INSTITUTIONAL BUILDING CONSTRUCTION","BANGOR","ME","044011134",,,"UXJMHVN7XE35","UXJMHVN7XE35","ROOF SYSTEMS OF MAINE","ROOF SYSTEMS OF MAINE",,
"GS01P01BZC0010",,"PS03","0","DCA Definitive Contract","$1,837.44","Jun 30, 2001",,"4740","PUBLIC BUILDINGS SERVICE","GSA/PUBLIC BUILDINGS SERVICE","S","Z111","MAINT-REP-ALT/OFFICE BLDGS","236220","COMMERCIAL AND INSTITUTIONAL BUILDING CONSTRUCTION","BANGOR","ME","044011134",,,"UXJMHVN7XE35","UXJMHVN7XE35","ROOF SYSTEMS OF MAINE","ROOF SYSTEMS OF MAINE",,
"GY000200106DGS06P01GYC0005",,"0","0","DCA Definitive Contract","$440,000.00","Jun 15, 2001",,"4740","PUBLIC BUILDINGS SERVICE","GSA/PUBLIC BUILDINGS SERVICE","S","Z111","MAINT-REP-ALT/OFFICE BLDGS","236220","COMMERCIAL AND INSTITUTIONAL BUILDING CONSTRUCTION","SCHUYLKILL HAVEN","PA","179720472",,,"HE7KKMMCLDW1","HE7KKMMCLDW1","COOPER CONSTRUCTION INC.","COOPER CONSTRUCTION INCORPORATED",,
