Contract ID,Reference IDV,Modification Number,Transaction Number,Award/IDV Type,Action Obligation ($),Date Signed,Solicitation Date,Contracting Agency ID,Contracting Agency,Contracting Office Name,PSC Type,PSC,PSC Description,NAICS,NAICS Description,Entity City,Entity State,Entity ZIP Code,Additional Reporting Code,Additional Reporting Description,Unique Entity ID,Ultimate Parent Unique Entity ID,Ultimate Parent Legal Business Name,Legal Business Name,CAGE Code,
"GS09P99KTC0020",,"PC24","0","DCA Definitive Contract","$38,000.00","Feb 6, 2001",,"4740","PUBLIC BUILDINGS SERVICE","DESIGN AND CONSTRUCTION DIVISION","S","Y111","CONSTRUCTION OF OFFICE BUILDINGS","236220","COMMERCIAL AND INSTITUTIONAL BUILDING CONSTRUCTION","PRESCOTT","AZ","863011037",,,"JGBWPTHEF839","JGBWPTHEF839","HUNT CONSTRUCTION INCORPORATED","HUNT CONSTRUCTION INCORPORATED",,
"GS09P99KTC0020",,"PC25","0","DCA Definitive Contract","$40,000.00","Feb 6, 2001",,"4740","PUBLIC BUILDINGS SERVICE","DESIGN AND CONSTRUCTION DIVISION","S","Y111","CONSTRUCTION OF OFFICE BUILDINGS","236220","COMMERCIAL AND INSTITUTIONAL BUILDING CONSTRUCTION","PRESCOTT","AZ","863011037",,,"JGBWPTHEF839","JGBWPTHEF839","HUNT CONSTRUCTION INCORPORATED","HUNT CONSTRUCTION INCORPORATED",,
"GS09P99KTC0020",,"PC28","0","DCA Definitive Contract","$100,000.00","Feb 6, 2001",,"4740","PUBLIC BUILDINGS SERVICE","DESIGN AND CONSTRUCTION DIVISION","S","Y111","CONSTRUCTION OF OFFICE BUILDINGS","236220","COMMERCIAL AND INSTITUTIONAL BUILDING CONSTRUCTION","PRESCOTT","AZ","863011037",,,"JGBWPTHEF839","JGBWPTHEF839","HUNT CONSTRUCTION INCORPORATED","HUNT CONSTRUCTION INCORPORATED",,
"GS09P99KTC0020",,"PS30","0","DCA Definitive Contract","$1,494,733.00","Feb 6, 2001",,"4740","PUBLIC BUILDINGS SERVICE","DESIGN AND CONSTRUCTION DIVISION","S","Y111","CONSTRUCTION OF OFFICE BUILDINGS","236220","COMMERCIAL AND INSTITUTIONAL BUILDING CONSTRUCTION","PRESCOTT","AZ","863011037",,,"JGBWPTHEF839","JGBWPTHEF839","HUNT CONSTRUCTION INCORPORATED","HUNT CONSTRUCTION INCORPORATED",,
