Contract ID,Reference IDV,Modification Number,Transaction Number,Award/IDV Type,Action Obligation ($),Date Signed,Solicitation Date,Contracting Agency ID,Contracting Agency,Contracting Office Name,PSC Type,PSC,PSC Description,NAICS,NAICS Description,Entity City,Entity State,Entity ZIP Code,Additional Reporting Code,Additional Reporting Description,Unique Entity ID,Ultimate Parent Unique Entity ID,Ultimate Parent Legal Business Name,Legal Business Name,CAGE Code,
"0236CC10566",,"0","0","DCA Definitive Contract","$5,313,800.00","Sep 1, 2002",,"3300","SMITHSONIAN INSTITUTION","SMITHSONIAN INSTITUTION","S","Y199","CONSTRUCT/MISC BLDGS","236220","COMMERCIAL AND INSTITUTIONAL BUILDING CONSTRUCTION","HONOLULU","HI","968175392",,,"YQF5GKB6JK17","UJJEWMDG4LZ5","TAISEI CORPORATION","TAISEI CONSTRUCTION CORPORATION",,
"ALMEC200009DSLMAQM00C6034",,"M038","0","DCA Definitive Contract","$25,000.00","Aug 15, 2002",,"1900","STATE, DEPARTMENT OF","OFFICE OF ACQUISITION MGMT - COMPRIZON","S","C211","A/E SVCS. (INCL LANDSCAPING INTERIO","236220","COMMERCIAL AND INSTITUTIONAL BUILDING CONSTRUCTION","BIRMINGHAM","AL","352094533",,,"XXNJCWMAKNH8","SRD8XK49KFY3","B.L. HARBERT HOLDINGS  L.L.C.","BL HARBERT INTERNATIONAL, LLC",,
"ALMEC200009DSLMAQM00C6034",,"M039","0","DCA Definitive Contract","$609,000.00","Aug 15, 2002",,"1900","STATE, DEPARTMENT OF","OFFICE OF ACQUISITION MGMT - COMPRIZON","S","C211","A/E SVCS. (INCL LANDSCAPING INTERIO","236220","COMMERCIAL AND INSTITUTIONAL BUILDING CONSTRUCTION","BIRMINGHAM","AL","352094533",,,"XXNJCWMAKNH8","SRD8XK49KFY3","B.L. HARBERT HOLDINGS  L.L.C.","BL HARBERT INTERNATIONAL, LLC",,
"ALMEC200109DSALMEC01C0028",,"M004","0","DCA Definitive Contract","$11,000.00","Aug 15, 2002",,"1900","STATE, DEPARTMENT OF","OFFICE OF ACQUISITION MGMT - COMPRIZON","S","Y111","CONSTRUCTION OF OFFICE BUILDINGS","236220","COMMERCIAL AND INSTITUTIONAL BUILDING CONSTRUCTION","MOSCOW","* ",,,,"FY9BLGDE4ZX1","FY9BLGDE4ZX1","VETATEK CONSTRUCTION INSTALLAT","VETATEK CONSTRUCTION INSTALLAT",,
"ALMEC200208DSALMEC02C0023",,"0","0","DCA Definitive Contract","$3.00","Aug 15, 2002",,"1900","STATE, DEPARTMENT OF","OFFICE OF ACQUISITION MGMT - COMPRIZON","S","Y111","CONSTRUCTION OF OFFICE BUILDINGS","236220","COMMERCIAL AND INSTITUTIONAL BUILDING CONSTRUCTION","BELTSVILLE","MD","207052675",,,"R4SCLCPNC9G9","R4SCLCPNC9G9","GILFORD CORPORATION","GILFORD CORPORATION",,
"DAJA8902C4025",,"0","0","DCA Definitive Contract","$19,526.67","Aug 13, 2002",,"2100","DEPT OF THE ARMY","RCO WUERZBURG","S","Z199","MAINT-REP-ALT/MISC BLDGS","236220","COMMERCIAL AND INSTITUTIONAL BUILDING CONSTRUCTION","BONN",,"53179",,,"WWFNFCV65M13","WWFNFCV65M13","BUNDESAMT FUER BAUWESEN UND RAUMORDNUNG","BUNDESAMT FUER BAUWESEN UND RAUMORDNUNG",,
"EW000200211DGS04P02LCC0094",,"PC04","0","DCA Definitive Contract","$1,216.00","Aug 15, 2002",,"4740","PUBLIC BUILDINGS SERVICE","ACQUISITION DIVISION/SERVICES (SECTION A)","S","Z111","MAINT-REP-ALT/OFFICE BLDGS","236220","COMMERCIAL AND INSTITUTIONAL BUILDING CONSTRUCTION","CHARLOTTE","NC","282034788",,,"HDN7QR4MCQP7","HDN7QR4MCQP7","PRICE-DAVIS CONSTRUCTION, INC.","PRICE-DAVIS CONSTRUCTION, INC.",,
"F0236CW10375",,"0","0","DCA Definitive Contract","$24,428.00","Aug 15, 2002",,"3300","SMITHSONIAN INSTITUTION","SMITHSONIAN INSTITUTION","S","Z191","MAINT-REP-ALT/EXHIBITION BUILDINGS","236220","COMMERCIAL AND INSTITUTIONAL BUILDING CONSTRUCTION","GAITHERSBURG","MD","208794131",,,"JP6GFPG2EFS4","JP6GFPG2EFS4","TEX/AM CONSTRUCTION CO.  INC","TEX/AM CONSTRUCTION COMPANY INCORPORATED",,
"GE500200208DSGE50002C1155",,"0","0","DCA Definitive Contract","$273,000.00","Aug 15, 2002",,"1900","STATE, DEPARTMENT OF","AM. CONS. GEN.- FRANKFURT AM MAIN","S","Y119","CONSTRUCT/OTHER ADMIN & SVCS BLDGS","236220","COMMERCIAL AND INSTITUTIONAL BUILDING CONSTRUCTION","No data from D and B","*",,,,"VBF8YWQRMPZ3","VBF8YWQRMPZ3","U A B REGINA & CO","REGINA IR CO, CONSTRUCTION & R",,
"GE500200208DSGE50002C1157",,"0","0","DCA Definitive Contract","$2,088,000.00","Aug 15, 2002",,"1900","STATE, DEPARTMENT OF","AM. CONS. GEN.- FRANKFURT AM MAIN","S","Y119","CONSTRUCT/OTHER ADMIN & SVCS BLDGS","236220","COMMERCIAL AND INSTITUTIONAL BUILDING CONSTRUCTION","ANKARA","*","06700",,,"WQEBDENX32Z1","WQEBDENX32Z1","KIRCI-BOZDEMIR JV","KIRCI-BOZDEMIR JV",,
"GE500200208DSGE50002C1158",,"0","0","DCA Definitive Contract","$739,000.00","Aug 15, 2002",,"1900","STATE, DEPARTMENT OF","AM. CONS. GEN.- FRANKFURT AM MAIN","S","Y111","CONSTRUCTION OF OFFICE BUILDINGS","236220","COMMERCIAL AND INSTITUTIONAL BUILDING CONSTRUCTION","ADDIS ABABA","*",,,,"K2P7CEXYHC59","K2P7CEXYHC59","UNIVERSAL CONSTRUCTION","UNIVERSAL CONSTRUCTION",,
"GE500200208DSGE50002C1206",,"0","0","DCA Definitive Contract","$490,000.00","Aug 15, 2002",,"1900","STATE, DEPARTMENT OF","AM. CONS. GEN.- FRANKFURT AM MAIN","S","Y291","CONSTRUCT/REC NON-BLDG STRUCTS","236220","COMMERCIAL AND INSTITUTIONAL BUILDING CONSTRUCTION","AL KHOBAR","*","31952",,,"RN21MYCJSNH1","RN21MYCJSNH1","ALLIED ARMS COMPANY LTD.","ALLIED ARMS COMPANY LTD.",,
"GM500200208DSGM50002C1158",,"7","0","DCA Definitive Contract","$22,788.06","Aug 30, 2002",,"1900","STATE, DEPARTMENT OF","AM. CONS. GEN.- FRANKFURT AM MAIN","S","Y111","CONSTRUCTION OF OFFICE BUILDINGS","236220","COMMERCIAL AND INSTITUTIONAL BUILDING CONSTRUCTION","ADDIS ABABA",,,,,"K2P7CEXYHC59","K2P7CEXYHC59","UNIVERSAL CONSTRUCTION","UNIVERSAL CONSTRUCTION",,
"GS02P02PLC0021",,"PA04","0","DCA Definitive Contract","$0.00","Aug 28, 2002",,"4740","PUBLIC BUILDINGS SERVICE","GSA/PUBLIC BUILDINGS SERVICE","S","Z111","MAINT-REP-ALT/OFFICE BLDGS","236220","COMMERCIAL AND INSTITUTIONAL BUILDING CONSTRUCTION","CUMMING","GA","300413946",,,"GPKTKQ861MW3","NU22DRBJUB56","GLOBAL BUSINESS ALLIANCE  LTD","SECUREUSA INCORPORATED",,
"GS09P99KTC0020",,"PO04","0","DCA Definitive Contract","$4,561,658.44","Aug 28, 2002",,"4740","PUBLIC BUILDINGS SERVICE","DESIGN AND CONSTRUCTION DIVISION","S","Y111","CONSTRUCTION OF OFFICE BUILDINGS","236220","COMMERCIAL AND INSTITUTIONAL BUILDING CONSTRUCTION","PRESCOTT","AZ","863011037",,,"JGBWPTHEF839","JGBWPTHEF839","HUNT CONSTRUCTION INCORPORATED","HUNT CONSTRUCTION INCORPORATED",,
"GS09P99KTC0020",,"PS02","0","DCA Definitive Contract","$1,435.68","Aug 5, 2002",,"4740","PUBLIC BUILDINGS SERVICE","DESIGN AND CONSTRUCTION DIVISION","S","Y111","CONSTRUCTION OF OFFICE BUILDINGS","236220","COMMERCIAL AND INSTITUTIONAL BUILDING CONSTRUCTION","PRESCOTT","AZ","863011037",,,"JGBWPTHEF839","JGBWPTHEF839","HUNT CONSTRUCTION INCORPORATED","HUNT CONSTRUCTION INCORPORATED",,
"GY000200205DGS06P02GYC0021",,"PC03","0","DCA Definitive Contract","$30,000.00","Aug 15, 2002",,"4740","PUBLIC BUILDINGS SERVICE","GSA/PUBLIC BUILDINGS SERVICE","S","Z111","MAINT-REP-ALT/OFFICE BLDGS","236220","COMMERCIAL AND INSTITUTIONAL BUILDING CONSTRUCTION","FORT WALTON BEACH","FL","325472557",,,"SLY3WCJ1RGD5","SLY3WCJ1RGD5","RL CAMPBELL MANAGEMENT SERVICES  INC.","R.L. CAMPBELL ROOFING CO INC",,
"GY000200205DGS06P02GYC0021",,"PS04","0","DCA Definitive Contract","$13,499.00","Aug 15, 2002",,"4740","PUBLIC BUILDINGS SERVICE","GSA/PUBLIC BUILDINGS SERVICE","S","Z111","MAINT-REP-ALT/OFFICE BLDGS","236220","COMMERCIAL AND INSTITUTIONAL BUILDING CONSTRUCTION","FORT WALTON BEACH","FL","325472557",,,"SLY3WCJ1RGD5","SLY3WCJ1RGD5","RL CAMPBELL MANAGEMENT SERVICES  INC.","R.L. CAMPBELL ROOFING CO INC",,
"GY000200208DGS06P03GYC0006",,"0","0","DCA Definitive Contract","$109,801.00","Aug 15, 2002",,"4740","PUBLIC BUILDINGS SERVICE","GSA/PUBLIC BUILDINGS SERVICE","S","Z111","MAINT-REP-ALT/OFFICE BLDGS","236220","COMMERCIAL AND INSTITUTIONAL BUILDING CONSTRUCTION","OMAHA","NE","681101127",,,"KC3NY1XDFUK9","KC3NY1XDFUK9","CHANNELL CONSTRUCTION COMPANY","CHANNELL CONSTRUCTION CO",,
"MSFC0200112DNAS802025",,"2","0","DCA Definitive Contract","$24,000.00","Aug 15, 2002",,"8000","NATIONAL AERONAUTICS AND SPACE ADMINISTRATION","MARSHALL SPACE FLIGHT CENTER","S","Z119","MAINT-REP-ALT/OTHER ADMIN BLDGS","236220","COMMERCIAL AND INSTITUTIONAL BUILDING CONSTRUCTION","HUNTSVILLE","AL","358111780",,,"G77QL7JGAZW9","G77QL7JGAZW9","TENNESSEE VALLEY CONTRACTORS CORP","TENNESSEE VALLEY CONTRACTORS C",,
"UD000200208DGS07P02UDC0007",,"0","0","DCA Definitive Contract","$4,850,744.00","Aug 15, 2002",,"4740","PUBLIC BUILDINGS SERVICE","GSA/PUBLIC BUILDINGS SERVICE","S","Y111","CONSTRUCTION OF OFFICE BUILDINGS","236220","COMMERCIAL AND INSTITUTIONAL BUILDING CONSTRUCTION","TULSA","OK","741281627",,,"V6HKCK56TE45","V6HKCK56TE45","THE ROSS GROUP CONSTRUCTION CORPORATION","THE ROSS GROUP CONSTRUCTION CORPORATION",,
"UD000200208DGS07P02UDC0007",,"PO01","0","DCA Definitive Contract","$203,807.00","Aug 15, 2002",,"4740","PUBLIC BUILDINGS SERVICE","GSA/PUBLIC BUILDINGS SERVICE","S","Y111","CONSTRUCTION OF OFFICE BUILDINGS","236220","COMMERCIAL AND INSTITUTIONAL BUILDING CONSTRUCTION","TULSA","OK","741281627",,,"V6HKCK56TE45","V6HKCK56TE45","THE ROSS GROUP CONSTRUCTION CORPORATION","THE ROSS GROUP CONSTRUCTION CO",,
"WHARC200208DSWHARC02C0002",,"5","0","DCA Definitive Contract","$26,000.00","Aug 15, 2002",,"1900","STATE, DEPARTMENT OF","FLORIDA REGIONAL CENTER (RPSO)","S","Y159","CONSTRUCT/OTHER INDUSTRIAL BLDGS","236220","COMMERCIAL AND INSTITUTIONAL BUILDING CONSTRUCTION","MANAGUA","* ",,,,"KU6DDWGL9RA3","KU6DDWGL9RA3","CARRION CRUZ CONSTRUCCIONES S.A.","CARRION CRUZ CONSTRUCCIONES S.",,
