Contract ID,Reference IDV,Modification Number,Transaction Number,Award/IDV Type,Action Obligation ($),Date Signed,Solicitation Date,Contracting Agency ID,Contracting Agency,Contracting Office Name,PSC Type,PSC,PSC Description,NAICS,NAICS Description,Entity City,Entity State,Entity ZIP Code,Additional Reporting Code,Additional Reporting Description,Unique Entity ID,Ultimate Parent Unique Entity ID,Ultimate Parent Legal Business Name,Legal Business Name,CAGE Code,
"GS06P06GYC0017",,"PC04","0","DCA Definitive Contract","$1,800.00","Jul 12, 2000",,"4740","PUBLIC BUILDINGS SERVICE","GSA/PUBLIC BUILDINGS SERVICE","S","Z111","MAINT-REP-ALT/OFFICE BLDGS","236220","COMMERCIAL AND INSTITUTIONAL BUILDING CONSTRUCTION","WEST DES MOINES","IA","502654754",,,"Q8ZEUC48K3K9","Q8ZEUC48K3K9","NUNO ELECTRIC LLC","NUNO ELECTRIC LIMITED LIABILITY COMPANY",,
"GS06P06GYC0017",,"PC06","0","DCA Definitive Contract","$229.90","Jul 12, 2000",,"4740","PUBLIC BUILDINGS SERVICE","GSA/PUBLIC BUILDINGS SERVICE","S","Z111","MAINT-REP-ALT/OFFICE BLDGS","236220","COMMERCIAL AND INSTITUTIONAL BUILDING CONSTRUCTION","WEST DES MOINES","IA","502654754",,,"Q8ZEUC48K3K9","Q8ZEUC48K3K9","NUNO ELECTRIC LLC","NUNO ELECTRIC LIMITED LIABILITY COMPANY",,
"GS06P06GYC0017",,"PC08","0","DCA Definitive Contract","$5,243.00","Jul 12, 2000",,"4740","PUBLIC BUILDINGS SERVICE","GSA/PUBLIC BUILDINGS SERVICE","S","Z111","MAINT-REP-ALT/OFFICE BLDGS","236220","COMMERCIAL AND INSTITUTIONAL BUILDING CONSTRUCTION","WEST DES MOINES","IA","502654754",,,"Q8ZEUC48K3K9","Q8ZEUC48K3K9","NUNO ELECTRIC LLC","NUNO ELECTRIC LIMITED LIABILITY COMPANY",,
"GS06P06GYC0017",,"PS02","0","DCA Definitive Contract","$66,105.00","Jul 12, 2000",,"4740","PUBLIC BUILDINGS SERVICE","GSA/PUBLIC BUILDINGS SERVICE","S","Z111","MAINT-REP-ALT/OFFICE BLDGS","236220","COMMERCIAL AND INSTITUTIONAL BUILDING CONSTRUCTION","WEST DES MOINES","IA","502654754",,,"Q8ZEUC48K3K9","Q8ZEUC48K3K9","NUNO ELECTRIC LLC","NUNO ELECTRIC LIMITED LIABILITY COMPANY",,
"GS06P06GYC0017",,"PS10","0","DCA Definitive Contract","$0.00","Jul 12, 2000",,"4740","PUBLIC BUILDINGS SERVICE","GSA/PUBLIC BUILDINGS SERVICE","S","Z111","MAINT-REP-ALT/OFFICE BLDGS","236220","COMMERCIAL AND INSTITUTIONAL BUILDING CONSTRUCTION","WEST DES MOINES","IA","502654754",,,"Q8ZEUC48K3K9","Q8ZEUC48K3K9","NUNO ELECTRIC LLC","NUNO ELECTRIC LIMITED LIABILITY COMPANY",,
"GS06P06GYC0017",,"PS12","0","DCA Definitive Contract","-$70.00","Jul 12, 2000",,"4740","PUBLIC BUILDINGS SERVICE","GSA/PUBLIC BUILDINGS SERVICE","S","Z111","MAINT-REP-ALT/OFFICE BLDGS","236220","COMMERCIAL AND INSTITUTIONAL BUILDING CONSTRUCTION","WEST DES MOINES","IA","502654754",,,"Q8ZEUC48K3K9","Q8ZEUC48K3K9","NUNO ELECTRIC LLC","NUNO ELECTRIC LIMITED LIABILITY COMPANY",,
