Contract ID,Reference IDV,Modification Number,Transaction Number,Award/IDV Type,Action Obligation ($),Date Signed,Solicitation Date,Contracting Agency ID,Contracting Agency,Contracting Office Name,PSC Type,PSC,PSC Description,NAICS,NAICS Description,Entity City,Entity State,Entity ZIP Code,Additional Reporting Code,Additional Reporting Description,Unique Entity ID,Ultimate Parent Unique Entity ID,Ultimate Parent Legal Business Name,Legal Business Name,CAGE Code,
"0236CW10456",,"0","0","DCA Definitive Contract","$227,966.00","Jul 16, 2002",,"3300","SMITHSONIAN INSTITUTION","SMITHSONIAN INSTITUTION","S","Z191","MAINT-REP-ALT/EXHIBITION BUILDINGS","236220","COMMERCIAL AND INSTITUTIONAL BUILDING CONSTRUCTION","GAITHERSBURG","MD","208794131",,,"JP6GFPG2EFS4","JP6GFPG2EFS4","TEX/AM CONSTRUCTION CO.  INC","TEX/AM CONSTRUCTION COMPANY INCORPORATED",,
"14900200207DC149002D536",,"0","0","DCA Definitive Contract","$33,000.00","Jul 15, 2002",,"1443","NATIONAL PARK SERVICE","MESA VERDE NP","S","Z119","MAINT-REP-ALT/OTHER ADMIN BLDGS","236220","COMMERCIAL AND INSTITUTIONAL BUILDING CONSTRUCTION","CORTEZ","CO","813218845",,,"JEFABJ6KJY73","JEFABJ6KJY73","LANE & CO.  INC.","LANE KIM",,
"ALMEC200109DSALMEC01C0028",,"M003","0","DCA Definitive Contract","$9,000.00","Jul 15, 2002",,"1900","STATE, DEPARTMENT OF","OFFICE OF ACQUISITION MGMT - COMPRIZON","S","Y111","CONSTRUCTION OF OFFICE BUILDINGS","236220","COMMERCIAL AND INSTITUTIONAL BUILDING CONSTRUCTION","MOSCOW","* ",,,,"FY9BLGDE4ZX1","FY9BLGDE4ZX1","VETATEK CONSTRUCTION INSTALLAT","VETATEK CONSTRUCTION INSTALLAT",,
"EX000200207DGS04P01EXC0044",,"0","0","DCA Definitive Contract","$120,359,000.00","Jul 15, 2002",,"4740","PUBLIC BUILDINGS SERVICE","ACQUISITION DIVISION/NON-PROSPECTUS (SECTION A)","S","Y111","CONSTRUCTION OF OFFICE BUILDINGS","236220","COMMERCIAL AND INSTITUTIONAL BUILDING CONSTRUCTION","LARGE","PA","150253645",,,"S3KFY78MBBP6","LKHSVNLBGFX5","DCK WORLDWIDE  LLC","DICK CORPORATION",,
"EX000200207DGS04P01EXC0044",,"PAA4","0","DCA Definitive Contract","$0.00","Jul 12, 2002",,"4740","PUBLIC BUILDINGS SERVICE","ACQUISITION DIVISION/NON-PROSPECTUS (SECTION A)","S","Y111","CONSTRUCTION OF OFFICE BUILDINGS","236220","COMMERCIAL AND INSTITUTIONAL BUILDING CONSTRUCTION","LARGE","PA","150253645",,,"S3KFY78MBBP6","LKHSVNLBGFX5","DCK WORLDWIDE  LLC","DICK CORPORATION",,
"EX000200207DGS04P01EXC0044",,"PAA5","0","DCA Definitive Contract","-$300,000.00","Jul 12, 2002",,"4740","PUBLIC BUILDINGS SERVICE","ACQUISITION DIVISION/NON-PROSPECTUS (SECTION A)","S","Y111","CONSTRUCTION OF OFFICE BUILDINGS","236220","COMMERCIAL AND INSTITUTIONAL BUILDING CONSTRUCTION","LARGE","PA","150253645",,,"S3KFY78MBBP6","LKHSVNLBGFX5","DCK WORLDWIDE  LLC","DICK CORPORATION",,
"EX000200207DGS04P01EXC0044",,"PAA6","0","DCA Definitive Contract","$0.00","Jul 12, 2002",,"4740","PUBLIC BUILDINGS SERVICE","ACQUISITION DIVISION/NON-PROSPECTUS (SECTION A)","S","Y111","CONSTRUCTION OF OFFICE BUILDINGS","236220","COMMERCIAL AND INSTITUTIONAL BUILDING CONSTRUCTION","LARGE","PA","150253645",,,"S3KFY78MBBP6","LKHSVNLBGFX5","DCK WORLDWIDE  LLC","DICK CORPORATION",,
"EX000200207DGS04P01EXC0044",,"PAA7","0","DCA Definitive Contract","$0.00","Jul 12, 2002",,"4740","PUBLIC BUILDINGS SERVICE","ACQUISITION DIVISION/NON-PROSPECTUS (SECTION A)","S","Y111","CONSTRUCTION OF OFFICE BUILDINGS","236220","COMMERCIAL AND INSTITUTIONAL BUILDING CONSTRUCTION","LARGE","PA","150253645",,,"S3KFY78MBBP6","LKHSVNLBGFX5","DCK WORLDWIDE  LLC","DICK CORPORATION",,
"EX000200207DGS04P01EXC0044",,"PAA8","0","DCA Definitive Contract","-$310,000.00","Jul 12, 2002",,"4740","PUBLIC BUILDINGS SERVICE","ACQUISITION DIVISION/NON-PROSPECTUS (SECTION A)","S","Y111","CONSTRUCTION OF OFFICE BUILDINGS","236220","COMMERCIAL AND INSTITUTIONAL BUILDING CONSTRUCTION","LARGE","PA","150253645",,,"S3KFY78MBBP6","LKHSVNLBGFX5","DCK WORLDWIDE  LLC","DICK CORPORATION",,
"EX000200207DGS04P01EXC0044",,"PAB4","0","DCA Definitive Contract","-$310,000.00","Jul 12, 2002",,"4740","PUBLIC BUILDINGS SERVICE","ACQUISITION DIVISION/NON-PROSPECTUS (SECTION A)","S","Y111","CONSTRUCTION OF OFFICE BUILDINGS","236220","COMMERCIAL AND INSTITUTIONAL BUILDING CONSTRUCTION","LARGE","PA","150253645",,,"S3KFY78MBBP6","LKHSVNLBGFX5","DCK WORLDWIDE  LLC","DICK CORPORATION",,
"EX000200207DGS04P01EXC0044",,"PAC7","0","DCA Definitive Contract","$27,854.00","Jul 12, 2002",,"4740","PUBLIC BUILDINGS SERVICE","ACQUISITION DIVISION/NON-PROSPECTUS (SECTION A)","S","Y111","CONSTRUCTION OF OFFICE BUILDINGS","236220","COMMERCIAL AND INSTITUTIONAL BUILDING CONSTRUCTION","LARGE","PA","150253645",,,"S3KFY78MBBP6","LKHSVNLBGFX5","DCK WORLDWIDE  LLC","DICK CORPORATION",,
"EX000200207DGS04P01EXC0044",,"PAD1","0","DCA Definitive Contract","$0.00","Jul 12, 2002",,"4740","PUBLIC BUILDINGS SERVICE","ACQUISITION DIVISION/NON-PROSPECTUS (SECTION A)","S","Y111","CONSTRUCTION OF OFFICE BUILDINGS","236220","COMMERCIAL AND INSTITUTIONAL BUILDING CONSTRUCTION","LARGE","PA","150253645",,,"S3KFY78MBBP6","LKHSVNLBGFX5","DCK WORLDWIDE  LLC","DICK CORPORATION",,
"EX000200207DGS04P01EXC0044",,"PAD5","0","DCA Definitive Contract","-$300,000.00","Jul 12, 2002",,"4740","PUBLIC BUILDINGS SERVICE","ACQUISITION DIVISION/NON-PROSPECTUS (SECTION A)","S","Y111","CONSTRUCTION OF OFFICE BUILDINGS","236220","COMMERCIAL AND INSTITUTIONAL BUILDING CONSTRUCTION","LARGE","PA","150253645",,,"S3KFY78MBBP6","LKHSVNLBGFX5","DCK WORLDWIDE  LLC","DICK CORPORATION",,
"EX000200207DGS04P01EXC0044",,"PAE2","0","DCA Definitive Contract","-$310,000.00","Jul 12, 2002",,"4740","PUBLIC BUILDINGS SERVICE","ACQUISITION DIVISION/NON-PROSPECTUS (SECTION A)","S","Y111","CONSTRUCTION OF OFFICE BUILDINGS","236220","COMMERCIAL AND INSTITUTIONAL BUILDING CONSTRUCTION","LARGE","PA","150253645",,,"S3KFY78MBBP6","LKHSVNLBGFX5","DCK WORLDWIDE  LLC","DICK CORPORATION",,
"EX000200207DGS04P01EXC0044",,"PAE3","0","DCA Definitive Contract","$0.00","Jul 12, 2002",,"4740","PUBLIC BUILDINGS SERVICE","ACQUISITION DIVISION/NON-PROSPECTUS (SECTION A)","S","Y111","CONSTRUCTION OF OFFICE BUILDINGS","236220","COMMERCIAL AND INSTITUTIONAL BUILDING CONSTRUCTION","LARGE","PA","150253645",,,"S3KFY78MBBP6","LKHSVNLBGFX5","DCK WORLDWIDE  LLC","DICK CORPORATION",,
"EX000200207DGS04P01EXC0044",,"PAE7","0","DCA Definitive Contract","-$300,000.00","Jul 12, 2002",,"4740","PUBLIC BUILDINGS SERVICE","ACQUISITION DIVISION/NON-PROSPECTUS (SECTION A)","S","Y111","CONSTRUCTION OF OFFICE BUILDINGS","236220","COMMERCIAL AND INSTITUTIONAL BUILDING CONSTRUCTION","LARGE","PA","150253645",,,"S3KFY78MBBP6","LKHSVNLBGFX5","DCK WORLDWIDE  LLC","DICK CORPORATION",,
"EX000200207DGS04P01EXC0044",,"PAF4","0","DCA Definitive Contract","-$310,000.00","Jul 12, 2002",,"4740","PUBLIC BUILDINGS SERVICE","ACQUISITION DIVISION/NON-PROSPECTUS (SECTION A)","S","Y111","CONSTRUCTION OF OFFICE BUILDINGS","236220","COMMERCIAL AND INSTITUTIONAL BUILDING CONSTRUCTION","LARGE","PA","150253645",,,"S3KFY78MBBP6","LKHSVNLBGFX5","DCK WORLDWIDE  LLC","DICK CORPORATION",,
"EX000200207DGS04P01EXC0044",,"PAI1","0","DCA Definitive Contract","-$300,000.00","Jul 12, 2002",,"4740","PUBLIC BUILDINGS SERVICE","ACQUISITION DIVISION/NON-PROSPECTUS (SECTION A)","S","Y111","CONSTRUCTION OF OFFICE BUILDINGS","236220","COMMERCIAL AND INSTITUTIONAL BUILDING CONSTRUCTION","LARGE","PA","150253645",,,"S3KFY78MBBP6","LKHSVNLBGFX5","DCK WORLDWIDE  LLC","DICK CORPORATION",,
"EX000200207DGS04P01EXC0044",,"PAI2","0","DCA Definitive Contract","-$310,000.00","Jul 12, 2002",,"4740","PUBLIC BUILDINGS SERVICE","ACQUISITION DIVISION/NON-PROSPECTUS (SECTION A)","S","Y111","CONSTRUCTION OF OFFICE BUILDINGS","236220","COMMERCIAL AND INSTITUTIONAL BUILDING CONSTRUCTION","LARGE","PA","150253645",,,"S3KFY78MBBP6","LKHSVNLBGFX5","DCK WORLDWIDE  LLC","DICK CORPORATION",,
"EX000200207DGS04P01EXC0044",,"PAI9","0","DCA Definitive Contract","-$310,000.00","Jul 12, 2002",,"4740","PUBLIC BUILDINGS SERVICE","ACQUISITION DIVISION/NON-PROSPECTUS (SECTION A)","S","Y111","CONSTRUCTION OF OFFICE BUILDINGS","236220","COMMERCIAL AND INSTITUTIONAL BUILDING CONSTRUCTION","LARGE","PA","150253645",,,"S3KFY78MBBP6","LKHSVNLBGFX5","DCK WORLDWIDE  LLC","DICK CORPORATION",,
"EX000200207DGS04P01EXC0044",,"PCB2","0","DCA Definitive Contract","$91,814.00","Jul 12, 2002",,"4740","PUBLIC BUILDINGS SERVICE","ACQUISITION DIVISION/NON-PROSPECTUS (SECTION A)","S","Y111","CONSTRUCTION OF OFFICE BUILDINGS","236220","COMMERCIAL AND INSTITUTIONAL BUILDING CONSTRUCTION","LARGE","PA","150253645",,,"S3KFY78MBBP6","LKHSVNLBGFX5","DCK WORLDWIDE  LLC","DICK CORPORATION",,
"EX000200207DGS04P01EXC0044",,"PCB3","0","DCA Definitive Contract","-$54,164.00","Jul 12, 2002",,"4740","PUBLIC BUILDINGS SERVICE","ACQUISITION DIVISION/NON-PROSPECTUS (SECTION A)","S","Y111","CONSTRUCTION OF OFFICE BUILDINGS","236220","COMMERCIAL AND INSTITUTIONAL BUILDING CONSTRUCTION","LARGE","PA","150253645",,,"S3KFY78MBBP6","LKHSVNLBGFX5","DCK WORLDWIDE  LLC","DICK CORPORATION",,
"EX000200207DGS04P01EXC0044",,"PCB6","0","DCA Definitive Contract","$14,619.00","Jul 12, 2002",,"4740","PUBLIC BUILDINGS SERVICE","ACQUISITION DIVISION/NON-PROSPECTUS (SECTION A)","S","Y111","CONSTRUCTION OF OFFICE BUILDINGS","236220","COMMERCIAL AND INSTITUTIONAL BUILDING CONSTRUCTION","LARGE","PA","150253645",,,"S3KFY78MBBP6","LKHSVNLBGFX5","DCK WORLDWIDE  LLC","DICK CORPORATION",,
"EX000200207DGS04P01EXC0044",,"PCB7","0","DCA Definitive Contract","-$51,109.00","Jul 12, 2002",,"4740","PUBLIC BUILDINGS SERVICE","ACQUISITION DIVISION/NON-PROSPECTUS (SECTION A)","S","Y111","CONSTRUCTION OF OFFICE BUILDINGS","236220","COMMERCIAL AND INSTITUTIONAL BUILDING CONSTRUCTION","LARGE","PA","150253645",,,"S3KFY78MBBP6","LKHSVNLBGFX5","DCK WORLDWIDE  LLC","DICK CORPORATION",,
"EX000200207DGS04P01EXC0044",,"PCC1","0","DCA Definitive Contract","-$38,133.00","Jul 12, 2002",,"4740","PUBLIC BUILDINGS SERVICE","ACQUISITION DIVISION/NON-PROSPECTUS (SECTION A)","S","Y111","CONSTRUCTION OF OFFICE BUILDINGS","236220","COMMERCIAL AND INSTITUTIONAL BUILDING CONSTRUCTION","LARGE","PA","150253645",,,"S3KFY78MBBP6","LKHSVNLBGFX5","DCK WORLDWIDE  LLC","DICK CORPORATION",,
"EX000200207DGS04P01EXC0044",,"PCC2","0","DCA Definitive Contract","-$1,826.00","Jul 12, 2002",,"4740","PUBLIC BUILDINGS SERVICE","ACQUISITION DIVISION/NON-PROSPECTUS (SECTION A)","S","Y111","CONSTRUCTION OF OFFICE BUILDINGS","236220","COMMERCIAL AND INSTITUTIONAL BUILDING CONSTRUCTION","LARGE","PA","150253645",,,"S3KFY78MBBP6","LKHSVNLBGFX5","DCK WORLDWIDE  LLC","DICK CORPORATION",,
"EX000200207DGS04P01EXC0044",,"PCC3","0","DCA Definitive Contract","$10,971.00","Jul 12, 2002",,"4740","PUBLIC BUILDINGS SERVICE","ACQUISITION DIVISION/NON-PROSPECTUS (SECTION A)","S","Y111","CONSTRUCTION OF OFFICE BUILDINGS","236220","COMMERCIAL AND INSTITUTIONAL BUILDING CONSTRUCTION","LARGE","PA","150253645",,,"S3KFY78MBBP6","LKHSVNLBGFX5","DCK WORLDWIDE  LLC","DICK CORPORATION",,
"EX000200207DGS04P01EXC0044",,"PCC9","0","DCA Definitive Contract","$0.00","Jul 12, 2002",,"4740","PUBLIC BUILDINGS SERVICE","ACQUISITION DIVISION/NON-PROSPECTUS (SECTION A)","S","Y111","CONSTRUCTION OF OFFICE BUILDINGS","236220","COMMERCIAL AND INSTITUTIONAL BUILDING CONSTRUCTION","LARGE","PA","150253645",,,"S3KFY78MBBP6","LKHSVNLBGFX5","DCK WORLDWIDE  LLC","DICK CORPORATION",,
"EX000200207DGS04P01EXC0044",,"PCD4","0","DCA Definitive Contract","$19,355.00","Jul 12, 2002",,"4740","PUBLIC BUILDINGS SERVICE","ACQUISITION DIVISION/NON-PROSPECTUS (SECTION A)","S","Y111","CONSTRUCTION OF OFFICE BUILDINGS","236220","COMMERCIAL AND INSTITUTIONAL BUILDING CONSTRUCTION","LARGE","PA","150253645",,,"S3KFY78MBBP6","LKHSVNLBGFX5","DCK WORLDWIDE  LLC","DICK CORPORATION",,
"EX000200207DGS04P01EXC0044",,"PCD7","0","DCA Definitive Contract","$10,052.00","Jul 12, 2002",,"4740","PUBLIC BUILDINGS SERVICE","ACQUISITION DIVISION/NON-PROSPECTUS (SECTION A)","S","Y111","CONSTRUCTION OF OFFICE BUILDINGS","236220","COMMERCIAL AND INSTITUTIONAL BUILDING CONSTRUCTION","LARGE","PA","150253645",,,"S3KFY78MBBP6","LKHSVNLBGFX5","DCK WORLDWIDE  LLC","DICK CORPORATION",,
"EX000200207DGS04P01EXC0044",,"PCE1","0","DCA Definitive Contract","$19,347.00","Jul 12, 2002",,"4740","PUBLIC BUILDINGS SERVICE","ACQUISITION DIVISION/NON-PROSPECTUS (SECTION A)","S","Y111","CONSTRUCTION OF OFFICE BUILDINGS","236220","COMMERCIAL AND INSTITUTIONAL BUILDING CONSTRUCTION","LARGE","PA","150253645",,,"S3KFY78MBBP6","LKHSVNLBGFX5","DCK WORLDWIDE  LLC","DICK CORPORATION",,
"EX000200207DGS04P01EXC0044",,"PCE4","0","DCA Definitive Contract","-$96,075.00","Jul 12, 2002",,"4740","PUBLIC BUILDINGS SERVICE","ACQUISITION DIVISION/NON-PROSPECTUS (SECTION A)","S","Y111","CONSTRUCTION OF OFFICE BUILDINGS","236220","COMMERCIAL AND INSTITUTIONAL BUILDING CONSTRUCTION","LARGE","PA","150253645",,,"S3KFY78MBBP6","LKHSVNLBGFX5","DCK WORLDWIDE  LLC","DICK CORPORATION",,
"EX000200207DGS04P01EXC0044",,"PCE9","0","DCA Definitive Contract","$9,893.00","Jul 12, 2002",,"4740","PUBLIC BUILDINGS SERVICE","ACQUISITION DIVISION/NON-PROSPECTUS (SECTION A)","S","Y111","CONSTRUCTION OF OFFICE BUILDINGS","236220","COMMERCIAL AND INSTITUTIONAL BUILDING CONSTRUCTION","LARGE","PA","150253645",,,"S3KFY78MBBP6","LKHSVNLBGFX5","DCK WORLDWIDE  LLC","DICK CORPORATION",,
"EX000200207DGS04P01EXC0044",,"PCF1","0","DCA Definitive Contract","-$11,279.00","Jul 12, 2002",,"4740","PUBLIC BUILDINGS SERVICE","ACQUISITION DIVISION/NON-PROSPECTUS (SECTION A)","S","Y111","CONSTRUCTION OF OFFICE BUILDINGS","236220","COMMERCIAL AND INSTITUTIONAL BUILDING CONSTRUCTION","LARGE","PA","150253645",,,"S3KFY78MBBP6","LKHSVNLBGFX5","DCK WORLDWIDE  LLC","DICK CORPORATION",,
"EX000200207DGS04P01EXC0044",,"PCH1","0","DCA Definitive Contract","$9,497.00","Jul 12, 2002",,"4740","PUBLIC BUILDINGS SERVICE","ACQUISITION DIVISION/NON-PROSPECTUS (SECTION A)","S","Y111","CONSTRUCTION OF OFFICE BUILDINGS","236220","COMMERCIAL AND INSTITUTIONAL BUILDING CONSTRUCTION","LARGE","PA","150253645",,,"S3KFY78MBBP6","LKHSVNLBGFX5","DCK WORLDWIDE  LLC","DICK CORPORATION",,
"EX000200207DGS04P01EXC0044",,"PCH3","0","DCA Definitive Contract","$23,827.00","Jul 12, 2002",,"4740","PUBLIC BUILDINGS SERVICE","ACQUISITION DIVISION/NON-PROSPECTUS (SECTION A)","S","Y111","CONSTRUCTION OF OFFICE BUILDINGS","236220","COMMERCIAL AND INSTITUTIONAL BUILDING CONSTRUCTION","LARGE","PA","150253645",,,"S3KFY78MBBP6","LKHSVNLBGFX5","DCK WORLDWIDE  LLC","DICK CORPORATION",,
"EX000200207DGS04P01EXC0044",,"PCH4","0","DCA Definitive Contract","$5,280.00","Jul 12, 2002",,"4740","PUBLIC BUILDINGS SERVICE","ACQUISITION DIVISION/NON-PROSPECTUS (SECTION A)","S","Y111","CONSTRUCTION OF OFFICE BUILDINGS","236220","COMMERCIAL AND INSTITUTIONAL BUILDING CONSTRUCTION","LARGE","PA","150253645",,,"S3KFY78MBBP6","LKHSVNLBGFX5","DCK WORLDWIDE  LLC","DICK CORPORATION",,
"EX000200207DGS04P01EXC0044",,"PCI3","0","DCA Definitive Contract","$14,375.00","Jul 12, 2002",,"4740","PUBLIC BUILDINGS SERVICE","ACQUISITION DIVISION/NON-PROSPECTUS (SECTION A)","S","Y111","CONSTRUCTION OF OFFICE BUILDINGS","236220","COMMERCIAL AND INSTITUTIONAL BUILDING CONSTRUCTION","LARGE","PA","150253645",,,"S3KFY78MBBP6","LKHSVNLBGFX5","DCK WORLDWIDE  LLC","DICK CORPORATION",,
"EX000200207DGS04P01EXC0044",,"PS21","0","DCA Definitive Contract","$48,960.00","Jul 15, 2002",,"4740","PUBLIC BUILDINGS SERVICE","ACQUISITION DIVISION/NON-PROSPECTUS (SECTION A)","S","Y111","CONSTRUCTION OF OFFICE BUILDINGS","236220","COMMERCIAL AND INSTITUTIONAL BUILDING CONSTRUCTION","LARGE","PA","150253645",,,"S3KFY78MBBP6","LKHSVNLBGFX5","DCK WORLDWIDE  LLC","DICK CORPORATION",,
"EX000200207DGS04P01EXC0044",,"PS25","0","DCA Definitive Contract","$0.00","Jul 15, 2002",,"4740","PUBLIC BUILDINGS SERVICE","ACQUISITION DIVISION/NON-PROSPECTUS (SECTION A)","S","Y111","CONSTRUCTION OF OFFICE BUILDINGS","236220","COMMERCIAL AND INSTITUTIONAL BUILDING CONSTRUCTION","LARGE","PA","150253645",,,"S3KFY78MBBP6","LKHSVNLBGFX5","DCK WORLDWIDE  LLC","DICK CORPORATION",,
"EX000200207DGS04P01EXC0044",,"PS98","0","DCA Definitive Contract","-$1,845.00","Jul 12, 2002",,"4740","PUBLIC BUILDINGS SERVICE","ACQUISITION DIVISION/NON-PROSPECTUS (SECTION A)","S","Y111","CONSTRUCTION OF OFFICE BUILDINGS","236220","COMMERCIAL AND INSTITUTIONAL BUILDING CONSTRUCTION","LARGE","PA","150253645",,,"S3KFY78MBBP6","LKHSVNLBGFX5","DCK WORLDWIDE  LLC","DICK CORPORATION",,
"EX000200207DGS04P01EXC0044",,"PS99","0","DCA Definitive Contract","-$2,848.00","Jul 12, 2002",,"4740","PUBLIC BUILDINGS SERVICE","ACQUISITION DIVISION/NON-PROSPECTUS (SECTION A)","S","Y111","CONSTRUCTION OF OFFICE BUILDINGS","236220","COMMERCIAL AND INSTITUTIONAL BUILDING CONSTRUCTION","LARGE","PA","150253645",,,"S3KFY78MBBP6","LKHSVNLBGFX5","DCK WORLDWIDE  LLC","DICK CORPORATION",,
"EX000200207DGS04P01EXC0044",,"PSA9","0","DCA Definitive Contract","-$59,385.00","Jul 12, 2002",,"4740","PUBLIC BUILDINGS SERVICE","ACQUISITION DIVISION/NON-PROSPECTUS (SECTION A)","S","Y111","CONSTRUCTION OF OFFICE BUILDINGS","236220","COMMERCIAL AND INSTITUTIONAL BUILDING CONSTRUCTION","LARGE","PA","150253645",,,"S3KFY78MBBP6","LKHSVNLBGFX5","DCK WORLDWIDE  LLC","DICK CORPORATION",,
"EX000200207DGS04P01EXC0044",,"PSB5","0","DCA Definitive Contract","$39,978.00","Jul 12, 2002",,"4740","PUBLIC BUILDINGS SERVICE","ACQUISITION DIVISION/NON-PROSPECTUS (SECTION A)","S","Y111","CONSTRUCTION OF OFFICE BUILDINGS","236220","COMMERCIAL AND INSTITUTIONAL BUILDING CONSTRUCTION","LARGE","PA","150253645",,,"S3KFY78MBBP6","LKHSVNLBGFX5","DCK WORLDWIDE  LLC","DICK CORPORATION",,
"EX000200207DGS04P01EXC0044",,"PSB8","0","DCA Definitive Contract","$27,854.00","Jul 12, 2002",,"4740","PUBLIC BUILDINGS SERVICE","ACQUISITION DIVISION/NON-PROSPECTUS (SECTION A)","S","Y111","CONSTRUCTION OF OFFICE BUILDINGS","236220","COMMERCIAL AND INSTITUTIONAL BUILDING CONSTRUCTION","LARGE","PA","150253645",,,"S3KFY78MBBP6","LKHSVNLBGFX5","DCK WORLDWIDE  LLC","DICK CORPORATION",,
"EX000200207DGS04P01EXC0044",,"PSB9","0","DCA Definitive Contract","$593.00","Jul 12, 2002",,"4740","PUBLIC BUILDINGS SERVICE","ACQUISITION DIVISION/NON-PROSPECTUS (SECTION A)","S","Y111","CONSTRUCTION OF OFFICE BUILDINGS","236220","COMMERCIAL AND INSTITUTIONAL BUILDING CONSTRUCTION","LARGE","PA","150253645",,,"S3KFY78MBBP6","LKHSVNLBGFX5","DCK WORLDWIDE  LLC","DICK CORPORATION",,
"EX000200207DGS04P01EXC0044",,"PSC4","0","DCA Definitive Contract","$5,946.00","Jul 12, 2002",,"4740","PUBLIC BUILDINGS SERVICE","ACQUISITION DIVISION/NON-PROSPECTUS (SECTION A)","S","Y111","CONSTRUCTION OF OFFICE BUILDINGS","236220","COMMERCIAL AND INSTITUTIONAL BUILDING CONSTRUCTION","LARGE","PA","150253645",,,"S3KFY78MBBP6","LKHSVNLBGFX5","DCK WORLDWIDE  LLC","DICK CORPORATION",,
"EX000200207DGS04P01EXC0044",,"PSC5","0","DCA Definitive Contract","$826.00","Jul 12, 2002",,"4740","PUBLIC BUILDINGS SERVICE","ACQUISITION DIVISION/NON-PROSPECTUS (SECTION A)","S","Y111","CONSTRUCTION OF OFFICE BUILDINGS","236220","COMMERCIAL AND INSTITUTIONAL BUILDING CONSTRUCTION","LARGE","PA","150253645",,,"S3KFY78MBBP6","LKHSVNLBGFX5","DCK WORLDWIDE  LLC","DICK CORPORATION",,
"EX000200207DGS04P01EXC0044",,"PSC6","0","DCA Definitive Contract","$3,554.00","Jul 12, 2002",,"4740","PUBLIC BUILDINGS SERVICE","ACQUISITION DIVISION/NON-PROSPECTUS (SECTION A)","S","Y111","CONSTRUCTION OF OFFICE BUILDINGS","236220","COMMERCIAL AND INSTITUTIONAL BUILDING CONSTRUCTION","LARGE","PA","150253645",,,"S3KFY78MBBP6","LKHSVNLBGFX5","DCK WORLDWIDE  LLC","DICK CORPORATION",,
"EX000200207DGS04P01EXC0044",,"PSC8","0","DCA Definitive Contract","$912.00","Jul 12, 2002",,"4740","PUBLIC BUILDINGS SERVICE","ACQUISITION DIVISION/NON-PROSPECTUS (SECTION A)","S","Y111","CONSTRUCTION OF OFFICE BUILDINGS","236220","COMMERCIAL AND INSTITUTIONAL BUILDING CONSTRUCTION","LARGE","PA","150253645",,,"S3KFY78MBBP6","LKHSVNLBGFX5","DCK WORLDWIDE  LLC","DICK CORPORATION",,
"EX000200207DGS04P01EXC0044",,"PSD2","0","DCA Definitive Contract","$1,405.00","Jul 12, 2002",,"4740","PUBLIC BUILDINGS SERVICE","ACQUISITION DIVISION/NON-PROSPECTUS (SECTION A)","S","Y111","CONSTRUCTION OF OFFICE BUILDINGS","236220","COMMERCIAL AND INSTITUTIONAL BUILDING CONSTRUCTION","LARGE","PA","150253645",,,"S3KFY78MBBP6","LKHSVNLBGFX5","DCK WORLDWIDE  LLC","DICK CORPORATION",,
"EX000200207DGS04P01EXC0044",,"PSD3","0","DCA Definitive Contract","$4,209.00","Jul 12, 2002",,"4740","PUBLIC BUILDINGS SERVICE","ACQUISITION DIVISION/NON-PROSPECTUS (SECTION A)","S","Y111","CONSTRUCTION OF OFFICE BUILDINGS","236220","COMMERCIAL AND INSTITUTIONAL BUILDING CONSTRUCTION","LARGE","PA","150253645",,,"S3KFY78MBBP6","LKHSVNLBGFX5","DCK WORLDWIDE  LLC","DICK CORPORATION",,
"EX000200207DGS04P01EXC0044",,"PSD6","0","DCA Definitive Contract","$0.00","Jul 12, 2002",,"4740","PUBLIC BUILDINGS SERVICE","ACQUISITION DIVISION/NON-PROSPECTUS (SECTION A)","S","Y111","CONSTRUCTION OF OFFICE BUILDINGS","236220","COMMERCIAL AND INSTITUTIONAL BUILDING CONSTRUCTION","LARGE","PA","150253645",,,"S3KFY78MBBP6","LKHSVNLBGFX5","DCK WORLDWIDE  LLC","DICK CORPORATION",,
"EX000200207DGS04P01EXC0044",,"PSD8","0","DCA Definitive Contract","$0.00","Jul 12, 2002",,"4740","PUBLIC BUILDINGS SERVICE","ACQUISITION DIVISION/NON-PROSPECTUS (SECTION A)","S","Y111","CONSTRUCTION OF OFFICE BUILDINGS","236220","COMMERCIAL AND INSTITUTIONAL BUILDING CONSTRUCTION","LARGE","PA","150253645",,,"S3KFY78MBBP6","LKHSVNLBGFX5","DCK WORLDWIDE  LLC","DICK CORPORATION",,
"EX000200207DGS04P01EXC0044",,"PSD9","0","DCA Definitive Contract","$899.00","Jul 12, 2002",,"4740","PUBLIC BUILDINGS SERVICE","ACQUISITION DIVISION/NON-PROSPECTUS (SECTION A)","S","Y111","CONSTRUCTION OF OFFICE BUILDINGS","236220","COMMERCIAL AND INSTITUTIONAL BUILDING CONSTRUCTION","LARGE","PA","150253645",,,"S3KFY78MBBP6","LKHSVNLBGFX5","DCK WORLDWIDE  LLC","DICK CORPORATION",,
"EX000200207DGS04P01EXC0044",,"PSE5","0","DCA Definitive Contract","$4,243.00","Jul 12, 2002",,"4740","PUBLIC BUILDINGS SERVICE","ACQUISITION DIVISION/NON-PROSPECTUS (SECTION A)","S","Y111","CONSTRUCTION OF OFFICE BUILDINGS","236220","COMMERCIAL AND INSTITUTIONAL BUILDING CONSTRUCTION","LARGE","PA","150253645",,,"S3KFY78MBBP6","LKHSVNLBGFX5","DCK WORLDWIDE  LLC","DICK CORPORATION",,
"EX000200207DGS04P01EXC0044",,"PSE6","0","DCA Definitive Contract","$1,534.00","Jul 12, 2002",,"4740","PUBLIC BUILDINGS SERVICE","ACQUISITION DIVISION/NON-PROSPECTUS (SECTION A)","S","Y111","CONSTRUCTION OF OFFICE BUILDINGS","236220","COMMERCIAL AND INSTITUTIONAL BUILDING CONSTRUCTION","LARGE","PA","150253645",,,"S3KFY78MBBP6","LKHSVNLBGFX5","DCK WORLDWIDE  LLC","DICK CORPORATION",,
"EX000200207DGS04P01EXC0044",,"PSE8","0","DCA Definitive Contract","$7,256.00","Jul 12, 2002",,"4740","PUBLIC BUILDINGS SERVICE","ACQUISITION DIVISION/NON-PROSPECTUS (SECTION A)","S","Y111","CONSTRUCTION OF OFFICE BUILDINGS","236220","COMMERCIAL AND INSTITUTIONAL BUILDING CONSTRUCTION","LARGE","PA","150253645",,,"S3KFY78MBBP6","LKHSVNLBGFX5","DCK WORLDWIDE  LLC","DICK CORPORATION",,
"EX000200207DGS04P01EXC0044",,"PSF2","0","DCA Definitive Contract","$3,053.00","Jul 12, 2002",,"4740","PUBLIC BUILDINGS SERVICE","ACQUISITION DIVISION/NON-PROSPECTUS (SECTION A)","S","Y111","CONSTRUCTION OF OFFICE BUILDINGS","236220","COMMERCIAL AND INSTITUTIONAL BUILDING CONSTRUCTION","LARGE","PA","150253645",,,"S3KFY78MBBP6","LKHSVNLBGFX5","DCK WORLDWIDE  LLC","DICK CORPORATION",,
"EX000200207DGS04P01EXC0044",,"PSF3","0","DCA Definitive Contract","$1,815.00","Jul 31, 2002",,"4740","PUBLIC BUILDINGS SERVICE","ACQUISITION DIVISION/NON-PROSPECTUS (SECTION A)","S","Y111","CONSTRUCTION OF OFFICE BUILDINGS","236220","COMMERCIAL AND INSTITUTIONAL BUILDING CONSTRUCTION","LARGE","PA","150253645",,,"S3KFY78MBBP6","LKHSVNLBGFX5","DCK WORLDWIDE  LLC","DICK CORPORATION",,
"EX000200207DGS04P01EXC0044",,"PSF6","0","DCA Definitive Contract","$1,454.00","Jul 31, 2002",,"4740","PUBLIC BUILDINGS SERVICE","ACQUISITION DIVISION/NON-PROSPECTUS (SECTION A)","S","Y111","CONSTRUCTION OF OFFICE BUILDINGS","236220","COMMERCIAL AND INSTITUTIONAL BUILDING CONSTRUCTION","LARGE","PA","150253645",,,"S3KFY78MBBP6","LKHSVNLBGFX5","DCK WORLDWIDE  LLC","DICK CORPORATION",,
"EX000200207DGS04P01EXC0044",,"PSF7","0","DCA Definitive Contract","-$141.00","Jul 31, 2002",,"4740","PUBLIC BUILDINGS SERVICE","ACQUISITION DIVISION/NON-PROSPECTUS (SECTION A)","S","Y111","CONSTRUCTION OF OFFICE BUILDINGS","236220","COMMERCIAL AND INSTITUTIONAL BUILDING CONSTRUCTION","LARGE","PA","150253645",,,"S3KFY78MBBP6","LKHSVNLBGFX5","DCK WORLDWIDE  LLC","DICK CORPORATION",,
"EX000200207DGS04P01EXC0044",,"PSF8","0","DCA Definitive Contract","$4,302.00","Jul 31, 2002",,"4740","PUBLIC BUILDINGS SERVICE","ACQUISITION DIVISION/NON-PROSPECTUS (SECTION A)","S","Y111","CONSTRUCTION OF OFFICE BUILDINGS","236220","COMMERCIAL AND INSTITUTIONAL BUILDING CONSTRUCTION","LARGE","PA","150253645",,,"S3KFY78MBBP6","LKHSVNLBGFX5","DCK WORLDWIDE  LLC","DICK CORPORATION",,
"EX000200207DGS04P01EXC0044",,"PSF9","0","DCA Definitive Contract","$13,395.00","Jul 12, 2002",,"4740","PUBLIC BUILDINGS SERVICE","ACQUISITION DIVISION/NON-PROSPECTUS (SECTION A)","S","Y111","CONSTRUCTION OF OFFICE BUILDINGS","236220","COMMERCIAL AND INSTITUTIONAL BUILDING CONSTRUCTION","LARGE","PA","150253645",,,"S3KFY78MBBP6","LKHSVNLBGFX5","DCK WORLDWIDE  LLC","DICK CORPORATION",,
"EX000200207DGS04P01EXC0044",,"PSG1","0","DCA Definitive Contract","$96,157.00","Jul 12, 2002",,"4740","PUBLIC BUILDINGS SERVICE","ACQUISITION DIVISION/NON-PROSPECTUS (SECTION A)","S","Y111","CONSTRUCTION OF OFFICE BUILDINGS","236220","COMMERCIAL AND INSTITUTIONAL BUILDING CONSTRUCTION","LARGE","PA","150253645",,,"S3KFY78MBBP6","LKHSVNLBGFX5","DCK WORLDWIDE  LLC","DICK CORPORATION",,
"EX000200207DGS04P01EXC0044",,"PSG3","0","DCA Definitive Contract","$1,510.00","Jul 12, 2002",,"4740","PUBLIC BUILDINGS SERVICE","ACQUISITION DIVISION/NON-PROSPECTUS (SECTION A)","S","Y111","CONSTRUCTION OF OFFICE BUILDINGS","236220","COMMERCIAL AND INSTITUTIONAL BUILDING CONSTRUCTION","LARGE","PA","150253645",,,"S3KFY78MBBP6","LKHSVNLBGFX5","DCK WORLDWIDE  LLC","DICK CORPORATION",,
"EX000200207DGS04P01EXC0044",,"PSG4","0","DCA Definitive Contract","$15,222.00","Jul 12, 2002",,"4740","PUBLIC BUILDINGS SERVICE","ACQUISITION DIVISION/NON-PROSPECTUS (SECTION A)","S","Y111","CONSTRUCTION OF OFFICE BUILDINGS","236220","COMMERCIAL AND INSTITUTIONAL BUILDING CONSTRUCTION","LARGE","PA","150253645",,,"S3KFY78MBBP6","LKHSVNLBGFX5","DCK WORLDWIDE  LLC","DICK CORPORATION",,
"EX000200207DGS04P01EXC0044",,"PSG5","0","DCA Definitive Contract","$2,839.00","Jul 12, 2002",,"4740","PUBLIC BUILDINGS SERVICE","ACQUISITION DIVISION/NON-PROSPECTUS (SECTION A)","S","Y111","CONSTRUCTION OF OFFICE BUILDINGS","236220","COMMERCIAL AND INSTITUTIONAL BUILDING CONSTRUCTION","LARGE","PA","150253645",,,"S3KFY78MBBP6","LKHSVNLBGFX5","DCK WORLDWIDE  LLC","DICK CORPORATION",,
"EX000200207DGS04P01EXC0044",,"PSG6","0","DCA Definitive Contract","$65,136.00","Jul 12, 2002",,"4740","PUBLIC BUILDINGS SERVICE","ACQUISITION DIVISION/NON-PROSPECTUS (SECTION A)","S","Y111","CONSTRUCTION OF OFFICE BUILDINGS","236220","COMMERCIAL AND INSTITUTIONAL BUILDING CONSTRUCTION","LARGE","PA","150253645",,,"S3KFY78MBBP6","LKHSVNLBGFX5","DCK WORLDWIDE  LLC","DICK CORPORATION",,
"EX000200207DGS04P01EXC0044",,"PSG7","0","DCA Definitive Contract","-$7,275.00","Jul 12, 2002",,"4740","PUBLIC BUILDINGS SERVICE","ACQUISITION DIVISION/NON-PROSPECTUS (SECTION A)","S","Y111","CONSTRUCTION OF OFFICE BUILDINGS","236220","COMMERCIAL AND INSTITUTIONAL BUILDING CONSTRUCTION","LARGE","PA","150253645",,,"S3KFY78MBBP6","LKHSVNLBGFX5","DCK WORLDWIDE  LLC","DICK CORPORATION",,
"EX000200207DGS04P01EXC0044",,"PSH2","0","DCA Definitive Contract","$9,041.00","Jul 12, 2002",,"4740","PUBLIC BUILDINGS SERVICE","ACQUISITION DIVISION/NON-PROSPECTUS (SECTION A)","S","Y111","CONSTRUCTION OF OFFICE BUILDINGS","236220","COMMERCIAL AND INSTITUTIONAL BUILDING CONSTRUCTION","LARGE","PA","150253645",,,"S3KFY78MBBP6","LKHSVNLBGFX5","DCK WORLDWIDE  LLC","DICK CORPORATION",,
"EX000200207DGS04P01EXC0044",,"PSH5","0","DCA Definitive Contract","$6,666.00","Jul 12, 2002",,"4740","PUBLIC BUILDINGS SERVICE","ACQUISITION DIVISION/NON-PROSPECTUS (SECTION A)","S","Y111","CONSTRUCTION OF OFFICE BUILDINGS","236220","COMMERCIAL AND INSTITUTIONAL BUILDING CONSTRUCTION","LARGE","PA","150253645",,,"S3KFY78MBBP6","LKHSVNLBGFX5","DCK WORLDWIDE  LLC","DICK CORPORATION",,
"EX000200207DGS04P01EXC0044",,"PSH6","0","DCA Definitive Contract","$2,166.00","Jul 12, 2002",,"4740","PUBLIC BUILDINGS SERVICE","ACQUISITION DIVISION/NON-PROSPECTUS (SECTION A)","S","Y111","CONSTRUCTION OF OFFICE BUILDINGS","236220","COMMERCIAL AND INSTITUTIONAL BUILDING CONSTRUCTION","LARGE","PA","150253645",,,"S3KFY78MBBP6","LKHSVNLBGFX5","DCK WORLDWIDE  LLC","DICK CORPORATION",,
"EX000200207DGS04P01EXC0044",,"PSH7","0","DCA Definitive Contract","$1,309.00","Jul 12, 2002",,"4740","PUBLIC BUILDINGS SERVICE","ACQUISITION DIVISION/NON-PROSPECTUS (SECTION A)","S","Y111","CONSTRUCTION OF OFFICE BUILDINGS","236220","COMMERCIAL AND INSTITUTIONAL BUILDING CONSTRUCTION","LARGE","PA","150253645",,,"S3KFY78MBBP6","LKHSVNLBGFX5","DCK WORLDWIDE  LLC","DICK CORPORATION",,
"EX000200207DGS04P01EXC0044",,"PSH8","0","DCA Definitive Contract","-$5,241.00","Jul 12, 2002",,"4740","PUBLIC BUILDINGS SERVICE","ACQUISITION DIVISION/NON-PROSPECTUS (SECTION A)","S","Y111","CONSTRUCTION OF OFFICE BUILDINGS","236220","COMMERCIAL AND INSTITUTIONAL BUILDING CONSTRUCTION","LARGE","PA","150253645",,,"S3KFY78MBBP6","LKHSVNLBGFX5","DCK WORLDWIDE  LLC","DICK CORPORATION",,
"EX000200207DGS04P01EXC0044",,"PSH9","0","DCA Definitive Contract","$5,005.00","Jul 12, 2002",,"4740","PUBLIC BUILDINGS SERVICE","ACQUISITION DIVISION/NON-PROSPECTUS (SECTION A)","S","Y111","CONSTRUCTION OF OFFICE BUILDINGS","236220","COMMERCIAL AND INSTITUTIONAL BUILDING CONSTRUCTION","LARGE","PA","150253645",,,"S3KFY78MBBP6","LKHSVNLBGFX5","DCK WORLDWIDE  LLC","DICK CORPORATION",,
"EX000200207DGS04P01EXC0044",,"PSI4","0","DCA Definitive Contract","$2,076.00","Jul 12, 2002",,"4740","PUBLIC BUILDINGS SERVICE","ACQUISITION DIVISION/NON-PROSPECTUS (SECTION A)","S","Y111","CONSTRUCTION OF OFFICE BUILDINGS","236220","COMMERCIAL AND INSTITUTIONAL BUILDING CONSTRUCTION","LARGE","PA","150253645",,,"S3KFY78MBBP6","LKHSVNLBGFX5","DCK WORLDWIDE  LLC","DICK CORPORATION",,
"EX000200207DGS04P01EXC0044",,"PSI5","0","DCA Definitive Contract","$2,479.00","Jul 12, 2002",,"4740","PUBLIC BUILDINGS SERVICE","ACQUISITION DIVISION/NON-PROSPECTUS (SECTION A)","S","Y111","CONSTRUCTION OF OFFICE BUILDINGS","236220","COMMERCIAL AND INSTITUTIONAL BUILDING CONSTRUCTION","LARGE","PA","150253645",,,"S3KFY78MBBP6","LKHSVNLBGFX5","DCK WORLDWIDE  LLC","DICK CORPORATION",,
"EX000200207DGS04P01EXC0044",,"PSI6","0","DCA Definitive Contract","$2,449.00","Jul 12, 2002",,"4740","PUBLIC BUILDINGS SERVICE","ACQUISITION DIVISION/NON-PROSPECTUS (SECTION A)","S","Y111","CONSTRUCTION OF OFFICE BUILDINGS","236220","COMMERCIAL AND INSTITUTIONAL BUILDING CONSTRUCTION","LARGE","PA","150253645",,,"S3KFY78MBBP6","LKHSVNLBGFX5","DCK WORLDWIDE  LLC","DICK CORPORATION",,
"GE500200207DSGE50002C1042",,"0","0","DCA Definitive Contract","$517,000.00","Jul 15, 2002",,"1900","STATE, DEPARTMENT OF","AM. CONS. GEN.- FRANKFURT AM MAIN","S","Y291","CONSTRUCT/REC NON-BLDG STRUCTS","236220","COMMERCIAL AND INSTITUTIONAL BUILDING CONSTRUCTION","FUENLABRADA","*","28947",,,"NT7WEV9G1LB9","NT7WEV9G1LB9","UNVISA MADRID, S.A.","UNVISA MADRID, S.A.",,
"GE500200207DSGE50002C1127",,"0","0","DCA Definitive Contract","$673,000.00","Jul 15, 2002",,"1900","STATE, DEPARTMENT OF","AM. CONS. GEN.- FRANKFURT AM MAIN","S","Y111","CONSTRUCTION OF OFFICE BUILDINGS","236220","COMMERCIAL AND INSTITUTIONAL BUILDING CONSTRUCTION","DAR ES SALAAM","*",,,,"GLQRRDMRJ156","GLQRRDMRJ156","CSI CONSTRUCTION LTD","CSI CONSTRUCTION LTD",,
"GE500200207DSGE50002C1215",,"0","0","DCA Definitive Contract","-$326.00","Jul 15, 2002",,"1900","STATE, DEPARTMENT OF","AM. CONS. GEN.- FRANKFURT AM MAIN","S","Y291","CONSTRUCT/REC NON-BLDG STRUCTS","236220","COMMERCIAL AND INSTITUTIONAL BUILDING CONSTRUCTION","No data from D and B","*",,,,"VBF8YWQRMPZ3","VBF8YWQRMPZ3","U A B REGINA & CO","REGINA IR CO, CONSTRUCTION & R",,
"GS02P02PLC0021",,"PS03","0","DCA Definitive Contract","$743,936.00","Jul 12, 2002",,"4740","PUBLIC BUILDINGS SERVICE","GSA/PUBLIC BUILDINGS SERVICE","S","Z111","MAINT-REP-ALT/OFFICE BLDGS","236220","COMMERCIAL AND INSTITUTIONAL BUILDING CONSTRUCTION","CUMMING","GA","300413946",,,"GPKTKQ861MW3","NU22DRBJUB56","GLOBAL BUSINESS ALLIANCE  LTD","SECUREUSA INCORPORATED",,
"GS11P01MAC0540",,"AS06","0","DCA Definitive Contract","$6,436.00","Jul 22, 2002",,"4740","PUBLIC BUILDINGS SERVICE","WPHBA - CAPITAL CONSTRUCTION BRANCH","S","Z111","MAINT-REP-ALT/OFFICE BLDGS","236220","COMMERCIAL AND INSTITUTIONAL BUILDING CONSTRUCTION","ROCKVILLE","MD","208523108",,,"R6CPWWDD4AM1","R6CPWWDD4AM1","GRUNLEY CONSTRUCTION CO.  INC.","GRUNLEY CONSTRUCTION COMPANY",,
"GS11P01MAC0540",,"AS07","0","DCA Definitive Contract","$19,800.00","Jul 22, 2002",,"4740","PUBLIC BUILDINGS SERVICE","WPHBA - CAPITAL CONSTRUCTION BRANCH","S","Z111","MAINT-REP-ALT/OFFICE BLDGS","236220","COMMERCIAL AND INSTITUTIONAL BUILDING CONSTRUCTION","ROCKVILLE","MD","208523108",,,"R6CPWWDD4AM1","R6CPWWDD4AM1","GRUNLEY CONSTRUCTION CO.  INC.","GRUNLEY CONSTRUCTION COMPANY",,
"GY000200205DGS06P02GYC0021",,"PA02","0","DCA Definitive Contract","$1.00","Jul 15, 2002",,"4740","PUBLIC BUILDINGS SERVICE","GSA/PUBLIC BUILDINGS SERVICE","S","Z111","MAINT-REP-ALT/OFFICE BLDGS","236220","COMMERCIAL AND INSTITUTIONAL BUILDING CONSTRUCTION","FORT WALTON BEACH","FL","325472557",,,"SLY3WCJ1RGD5","SLY3WCJ1RGD5","RL CAMPBELL MANAGEMENT SERVICES  INC.","R. L. CAMPBELL ROOFING CO, INC",,
"KS700200207DSKS70002C0829",,"0","0","DCA Definitive Contract","$48,000.00","Jul 15, 2002",,"1900","STATE, DEPARTMENT OF","AMERICAN EMBASSY- SEOUL","S","Y199","CONSTRUCT/MISC BLDGS","236220","COMMERCIAL AND INSTITUTIONAL BUILDING CONSTRUCTION","CENTREVILLE","VA","201203712",,,"F38PH2VH6144","F38PH2VH6144","KIM VAN COMPANY INC","KIM VAN COMPANY INC",,
"WHARC200207DSWHARC02C0001",,"0","0","DCA Definitive Contract","$14,000.00","Jul 15, 2002",,"1900","STATE, DEPARTMENT OF","FLORIDA REGIONAL CENTER (RPSO)","S","Y159","CONSTRUCT/OTHER INDUSTRIAL BLDGS","236220","COMMERCIAL AND INSTITUTIONAL BUILDING CONSTRUCTION","MANAGUA","* ",,,,"KU6DDWGL9RA3","KU6DDWGL9RA3","CARRION CRUZ CONSTRUCCIONES S.A.","CARRION CRUZ CONSTRUCCIONES S.",,
