Contract ID,NAICS,Date Signed,Contracting Agency ID,PSC,Region,Business Entity ID,Action Obligation ($),Modification Count,Total Modified Action Obligation ($)
1630DC17C0024,236220,2017-06-16,1630,C1AZ,Southeast,VRAHG9BDXCP9,59714676,16,45056424
FA252123C0019,236220,2023-07-14,5700,Z2JZ,Southeast,VFTNWRUE6Q59,1144732,6,0
FA500404C0005,236220,2003-12-30,5700,Z241,West,KZMRSJJJN1L6,377000,1,29762
FA813724C0007,236220,2024-06-24,5700,Z2AB,Southwest,VNE5EB4V97J7,815443,0,0
FA480314C0020,236220,2014-09-29,5700,Z1LB,Midwest,GXCBAMB1Z5V1,681581,0,0
FA446008C0019,236220,2008-09-30,5700,Z199,Southeast,C41LZQCCZG71,232625,2,29099
FA489724C0004,236220,2024-07-25,5700,Z2JZ,West,KEUPEUF8J3F7,735812,0,0
FA452814C3004,236220,2014-09-19,5700,Z1BF,Midwest,TA2MYQCEKFD8,135900,1,0
FA460809C0021,236220,2009-06-30,5700,Z119,Southeast,UFXHLLSRY8Y4,217494,1,0
N6247307C7036,236220,2007-09-28,1700,Z149,West,HTSGGFP8QUJ5,1850969,9,315719
N6945024C0046,236220,2024-07-25,1700,Y1JZ,Southwest,MK1FBNRMQME5,3994594,0,0
N6945007C3581,236220,2007-03-05,1700,5410,Southeast,L34KL7NLGVS4,361949,1,51198
N6247312C1425,236220,2012-08-09,1700,Y1JZ,West,Q4G1TQM6Y916,2775383,3,991965
FA480312C0019,236220,2012-09-21,5700,Z2AZ,Southeast,H4N8CJ965YJ4,28873,1,0
N6945013C4148,236220,2013-09-09,1700,Z2AA,Southeast,UNFZG6Z8BWF7,359098,1,10045
FA441706C0009,236220,2006-07-05,5700,Z199,Southeast,JWEKJPR1M6L3,543000,7,8193
N6945010C4066,236220,2009-12-23,1700,Z119,Southeast,HCUDMENM7KK5,161090,2,13536
N4008514C5226,236220,2014-09-25,1700,Y1FZ,Midwest,X3BYPXNZN8N1,48341795,19,5466926
N4008515C3841,236220,2015-09-28,1700,Z1AA,Midwest,XG48FXWL2R99,449937,3,759439
AE128810000320,236220,2004-07-13,1630,Y199,Southeast,ZDURM35BEN48,0,23,6399124
FA570012C0003,236220,2012-06-01,5700,Z2JZ,Southeast,LN9PU5M2YZN5,470000,0,0
N6927204C1006,236220,2004-06-09,1700,Z199,Southeast,C16GLRZ3QJW8,237729,1,37000
HQ003423C0005,236220,2022-12-21,97F5,Z2AA,Southeast,HPHVSDPH1K93,268042,5,5327
FA820116C0015,236220,2016-09-28,5700,Z2JZ,West,MXN8TV7ETNV6,1149890,1,97149
FA664811C0026,236220,2011-09-28,5700,Z249,Southeast,M18HENZ5DXH9,54196,0,0
FA441716C0014,236220,2016-09-27,5700,Z2EB,Southeast,K9AGH98YB8V3,752000,3,9721
N6945009C0091,236220,2009-09-21,1700,Y129,Southeast,TG5TJ3ER2TV8,619000,1,50500
F0466603C0036,236220,2003-09-30,5700,Y299,West,T22XQCK2GNV9,902770,1,53048
FA480311C0021,236220,2011-09-28,5700,Z111,Southeast,GVLVJC4BLLA9,91499,1,21849
SP330010C0026,236220,2010-06-08,97AS,Z111,Northeast,D4HYDZREU1K4,128190,1,0
N6247310C1636,236220,2010-09-28,1700,Z245,West,UJJGGR1LD5K5,220000,1,0
N4008008C0029,236220,2008-09-30,1700,Z199,Southeast,KFNCDSZJZ6M3,63046000,34,26609634
FA440709C0012,236220,2009-06-18,5700,Z111,Midwest,FN7GJ7LGZBL5,14783,0,0
FA449720C0031,236220,2020-09-29,5700,Z1BA,Northeast,EA53ZNXYUVS6,722881,2,0
N6247318C1621,236220,2018-09-27,1700,Z2AZ,Southwest,N5HHAULF5BY7,2923143,7,34976
N3654A07C5004,236220,2006-12-31,1700,Y142,Southeast,LN9PU5M2YZN5,205500,2,82700
FA440710C0011,236220,2010-04-16,5700,Z119,Midwest,FN7GJ7LGZBL5,28686,1,0
N6945016C5633,236220,2016-06-29,1700,Y1AA,Southeast,E3RAXP8YLQE3,1200000,4,137738
N4008507C3231,236220,2007-09-28,1700,Y199,Northeast,EMGRJMZ1JMB4,12500000,1,12500000
FA480905CC001,236220,2005-01-13,5700,Z119,Southeast,HY55CA3MKY85,411700,0,0
N6945016C4414,236220,2015-11-03,1700,Y1AA,Southeast,UJ9MSNGX7JG9,762589,0,0
FA570217C0022,236220,2017-09-27,5700,Y1AA,Southeast,LN9PU5M2YZN5,0,6,0
N6247314C0616,236220,2014-09-30,1700,Z2DB,West,KJGLZFUSLLP9,544799,2,161025
F0965003C0045,236220,2003-09-24,5700,Z199,Southeast,HC6SJZNH7TB9,617327,0,0
N6247307C6791,236220,2007-09-17,1700,Z141,West,Z3KKJFHR2E14,627193,3,0
FA282324C0039,236220,2024-09-05,5700,Z2JZ,Southeast,EKNKVLNLQQM5,628915,0,0
FA281607C0027,236220,2007-09-28,5700,Z111,West,H8A4B1XUYDU9,100000,1,0
N4008506C0411,236220,2006-09-12,1700,Z111,Southeast,SHG5YDSACYF1,3000000,7,516129
N6246703C2028,236220,2002-12-03,1700,Z111,Southeast,X17BRZLBN766,122371,0,0
FA521518C8008,236220,2018-09-14,5700,Z1AA,West,S6Z7GMYZCFB3,13261,15,1522861
FA489715C3002,236220,2015-09-30,5700,Z1BZ,West,VMZYCYL6WP89,1834961,3,7674
N6247311C3420,236220,2011-09-21,1700,Z299,West,EKCKMJ8L7D45,304488,2,0
N0042124C0082,236220,2024-09-25,1700,Z2AA,Southeast,HPHVSDPH1K93,480494,0,0
N4008018C0008,236220,2018-09-29,1700,Y1NA,Southeast,SNJKMKKA9LA1,30824949,17,1706805
N6247310C5012,236220,2010-09-10,1700,Y164,Southeast,VEP4UN7LDMK5,59249394,10,3849513
N6945012C0031,236220,2012-02-14,1700,Y1JZ,Southeast,QRHRNNZ6ECC7,1220146,2,68419
FA440709C0033,236220,2009-09-30,5700,Y111,Midwest,FN7GJ7LGZBL5,380000,3,105841
N6247307C6036,236220,2007-09-26,1700,Y199,West,GMJPZCJDUG24,43747265,9,4957864
N6945018C5213,236220,2018-04-05,1700,Z2JZ,Southeast,V5NWWR9UUJR8,290557,6,167159
N4008010C1506,236220,2010-06-25,1700,Y119,Southeast,SZDJGDVDZGH3,3473000,0,0
FA301616C0026,236220,2016-07-28,5700,Y1JZ,Southwest,HJKTRANTHZU8,972369,3,0
FA252107C0052,236220,2007-09-28,5700,Z199,Southeast,FTHXF9HMBCF7,813756,2,0
FA480307C0016,236220,2007-07-31,5700,Z111,Southeast,LX8PHPCLWAT5,17026,0,0
FA890317C0030,236220,2017-09-29,5700,Y1BZ,West,JM61NJRD58C8,460749,2,0
FA255012C1026,236220,2012-09-29,5700,Z2JZ,West,CE81D8ES7TJ7,480000,1,3468
N6247312C1423,236220,2012-09-06,1700,Z2DA,West,ZSWAT1LQ6NF6,1322676,7,168867
N6945019C6411,236220,2019-09-30,1700,Y1EZ,Southeast,HMJRCAJ1NKV3,1699295,3,35522
N6247311C0203,236220,2011-09-12,1700,Z182,West,JWQTE62TCCG7,565800,2,10781
N4008517C8322,236220,2017-03-29,1700,Y1CA,Midwest,DMFWBVTL9324,40797000,24,3289650
N3319116C1027,236220,2016-07-21,1700,Y1JZ,Southwest,CNWQANWAYAL8,790800,1,0
N4008009C4407,236220,2009-09-30,1700,Y119,Southeast,EL9XT4Q65F16,2351102,9,389406
FA440709C0035,236220,2009-09-30,5700,Y199,Midwest,FN7GJ7LGZBL5,52000,1,0
N3319111C1718,236220,2011-07-20,1700,Y199,Southeast,LN9PU5M2YZN5,477000,5,64443
FA940104C0005,236220,2004-05-18,5700,Z111,Southwest,GKKNXEYFK8F2,46329,0,0
N4008509C2862,236220,2009-09-30,1700,Z199,Southeast,PDCYQM94UZK4,1648673,2,0
FA283522C0025,236220,2022-09-16,5700,Z2QA,Northeast,SPW8KTH63M65,542415,2,0
N4008019C1017,236220,2019-09-16,1700,Z2BZ,Southeast,N3MYJ5PNYYM7,359969,0,0
FA813720C0004,236220,2019-12-16,5700,Z2EB,Southwest,M34GPJWKR1K4,3515505,2,0
N4008308C1027,236220,2008-06-27,1700,Y199,Midwest,N2WKZLLGTLL7,675192,2,11693
N6247313C1610,236220,2013-09-30,1700,Y1JZ,West,SLM7RNSKD525,2751132,2,279902
N6247314C0420,236220,2014-07-15,1700,Y1JZ,Southwest,MCDCZCVRBPA8,449712,3,21404
FA860108C0029,236220,2008-09-23,5700,Z300,Midwest,C5KDMMBNXCD1,499904,2,1200
FA461017C0006,236220,2017-05-22,5700,Z2JZ,West,PGKHVAQQGFF3,228787,6,138339
N3319112C2019,236220,2012-09-30,1700,Y1NZ,Southeast,LN9PU5M2YZN5,503945,2,62057
SP470316C0014,236220,2016-05-04,97AS,Y1JZ,Southeast,M14ZDZ8WJZU4,190699,0,0
FA486108CA008,236220,2008-09-30,5700,Y174,West,H2ZUJJNLGNJ9,740629,0,0
FA890323C0003,236220,2022-12-02,5700,C1AZ,West,ZHEGXL9HYV43,4175063,2,38253
FA468608C0020,236220,2008-09-24,5700,Z139,West,KRDNQ183PMS7,97922,2,0
N6246703C8837,236220,2003-09-23,1700,Z199,Southwest,YY28V8GG5J25,529926,1,136220
FA330009C0030,236220,2009-09-30,5700,Z111,Southeast,ZN18CLHUHKK4,2550000,3,45227
N4008016C0173,236220,2016-09-28,1700,Y1AZ,Southeast,NT2MD1MYLRE9,4511000,7,1438787
FA308909C0001,236220,2008-10-31,5700,Z111,Southwest,EN3RKWNJ1GY7,184257,0,0
FA486109CA001,236220,2008-12-19,5700,Y119,West,GNTWD6VYYMH8,839779,0,0
N6274207C1308,236220,2007-07-05,1700,Y142,West,VSWJHUYYEWN9,6763000,7,271199
FA441710C0028,236220,2010-09-27,5700,Y111,Southeast,F4YVA3KTDAH7,777313,5,12651
FA667513C0010,236220,2013-09-30,5700,Z2AA,Southwest,G5FSXM9679T5,13716,0,0
FA521520C0044,236220,2020-09-30,5700,P400,West,HM1PS6FAK6U7,1064886,0,0
N6945012C6847,236220,2012-09-30,1700,Z2GZ,Southwest,YTULSSX1ELU3,1721075,7,135234
N4008520C0025,236220,2020-05-15,1700,Z2FC,Northeast,LCJ3FY3T4J43,27029098,40,4964270
N6247306C6684,236220,2006-09-30,1700,Z199,West,EMVWFLVNM2C7,2825000,2,115811
N6945012C2759,236220,2012-05-18,1700,Y1AZ,Southeast,GRUVBCL86B39,144355,1,0
FA820116C0053,236220,2016-09-27,5700,Z2JZ,West,MXN8TV7ETNV6,54994,0,0
N4008008C4428,236220,2008-09-19,1700,Z199,Southeast,QJ4AKC5K72D5,764000,11,544822
N6247312C0027,236220,2012-09-25,1700,Z2GZ,West,DC4TJFT12FV4,659563,0,0
N6945016C4449,236220,2016-09-09,1700,Z2AA,Southeast,KYDHEKQV9LK3,800713,3,50074
N6945024C0039,236220,2024-06-17,1700,Z2QA,Southeast,FEHPVWSE68U3,3694150,0,0
N6247003C0074,236220,2003-09-26,1700,Z299,Southeast,KJVTN4GLDZZ6,92150,0,0
FA308911C0011,236220,2011-09-19,5700,Z245,Southeast,ZYC4YDTGFHW3,575527,2,0
1630DC19C0016,236220,2019-06-26,1630,C1KZ,Southeast,CEG7BHZXSU75,471727,1,0
N4008012C0006,236220,2012-09-25,1700,Y1CZ,Southeast,TMRBSKCJMKY6,80548000,13,7181217
FA483012C2015,236220,2012-08-27,5700,Z2AA,Southeast,GX7ZQNHNAXF9,49350,1,3799226
N6247312C1451,236220,2012-09-28,1700,Y1JZ,West,J22BUV2Q5WJ9,952940,3,137896
F2660003CA027,236220,2003-09-29,5700,Y119,West,JKJJJE7MZDF6,443000,0,0
FA460023C0015,236220,2023-07-17,5700,Z2QA,Midwest,QWL2TMCLN823,1967000,5,4913
N4008020C0030,236220,2020-09-30,1700,Z2JA,Southeast,MGLYC7Q4PHW1,417967,2,88286
HQ003405C1015,236220,2005-08-08,97F5,Z111,Southeast,GPDZDBLX4558,7540,0,0
FA813721C0011,236220,2021-01-28,5700,Z2QA,Southwest,D56MUMNUV8S5,1360931,4,223908
F1660203C0019,236220,2003-08-20,5700,Z199,Southeast,Y1YAGKKAUHM6,492397,0,0
SP049007C6096,236220,2007-07-17,97AS,4920,West,L4V7KA2P23M3,118773,0,0
N6945020C0071,236220,2020-09-29,1700,Y1EB,Southeast,W8N6FVMJHDX9,3092888,0,0
N4008514C5234,236220,2014-09-30,1700,Y1QA,Northeast,LETMQM2GWMS4,9345000,6,971626
W912QR10C0002,236220,2009-10-09,2100,Y199,Northeast,LCJ3FY3T4J43,6490520,74,2267800
N6247308C3550,236220,2008-09-24,1700,Z199,West,VHBWY3U8CXD8,2162417,2,0
FA570712C0015,236220,2012-02-06,5700,Y1GB,Southeast,LN9PU5M2YZN5,349023,9,0
N4008511C2111,236220,2011-09-30,1700,Y299,Northeast,RHDSJJX1JL85,876764,4,165500
FA481920C0004,236220,2020-04-17,5700,AD26,Southeast,K87QS6QJ79Z3,329801,3,83001
N6247307C6012,236220,2007-01-31,1700,Y199,Southwest,FQY3KH85GQ47,690000,2,0
FA813720C0041,236220,2020-09-28,5700,Z2QA,West,DEZJJRF8KHH3,2352789,1,0
FA468611C0020,236220,2011-09-29,5700,Z199,West,VG4CJ4BMVN76,1574400,15,1979912
FA930122C0005,236220,2022-01-27,5700,Z1JZ,Midwest,QX91C7GZDJS5,397293,3,36378
HDEC0314C0002,236220,2014-09-18,97AZ,Y1AZ,Southeast,PH8JXJF5B323,10604051,4,498305
N6247306C5702,236220,2005-11-10,1700,Y111,Southwest,LRDMEDPRCQ58,169928,0,0
FA570213C0020,236220,2013-09-27,5700,Z2AZ,Southeast,LN9PU5M2YZN5,385000,3,0
FA810118C0024,236220,2018-07-25,5700,Z2EB,Southwest,PV3GPHFD4217,327700,1,0
N6247314C1208,236220,2014-09-26,1700,Z2CA,West,CM6AAWP8H6Y4,678955,2,48828
FA221724CB003,236220,2024-03-07,5700,Z2QA,Midwest,JDC7MMBMDNQ1,392611,2,9669
FA671223C0001,236220,2022-11-08,5700,Z2BZ,Northeast,GBL4JH9YLCG7,254857,0,0
FA448807C0002,236220,2006-11-20,5700,Y119,Southeast,GYH7J4GT55S5,62359,3,2100
FA665610C0002,236220,2010-09-14,5700,Z299,Midwest,KKTTE1F6GQ83,1598629,5,51640
FA486111CA009,236220,2011-09-23,5700,Z111,West,ZRJBKY5LMQF5,47675,2,0
HQ003416C0031,236220,2016-08-12,97F5,Z1NB,Southeast,FH2CSF62KVH7,132879,3,25483
N0042123C0039,236220,2023-08-30,1700,Z2AZ,Southeast,K1X3AGMLFCJ3,4124914,0,0
FA667506C0006,236220,2006-03-24,5700,Z199,Southwest,KTG8LSMNW7T1,3845,0,0
N4008307C0007,236220,2007-01-30,1700,Z119,Midwest,RMQ1GJ3BKL97,13975365,13,3473867
N4008012C0514,236220,2012-09-18,1700,Z2JZ,Southeast,XDMPNN7E1Z99,247728,1,0
FA663310C0002,236220,2010-09-29,5700,Z149,Midwest,KHTKCDMZTQT1,2269000,3,15982
FA452818C3004,236220,2018-05-16,5700,Z2AA,Midwest,DMG2MMNMUK46,1185118,2,0
FA704609C0005,236220,2009-09-14,5700,Z119,Southwest,X5KXH8GK3LE9,151149,2,61721
FA441713C0020,236220,2013-09-05,5700,Y1JZ,Southeast,LK73EWGHZB15,1126000,5,51308
FA441713C0021,236220,2013-09-10,5700,Y1JZ,Southeast,JWEKJPR1M6L3,537000,2,0
N6945011C6829,236220,2011-06-06,1700,Z199,Southwest,KKAHHQDF2ZW7,2704848,1,25011
FA303014C0005,236220,2014-09-28,5700,Z2AA,Southwest,E9FYH6EZ16M3,209015,1,7174
N4425514C6028,236220,2014-09-29,1700,Z1EZ,West,GPAQG3DPLWF5,376477,0,0
N6247306C6323,236220,2006-09-30,1700,Y159,West,JLRTJ3P16Q43,478809,4,36115
HDEC0313C0006,236220,2013-09-24,97AZ,Y1AZ,Southeast,PH8JXJF5B323,12905184,18,2150843
FA283514C0031,236220,2014-08-21,5700,Z2QA,Northeast,M7SLPFRZXPX3,33200,0,0
F3160103C0007,236220,2002-12-16,5700,Z162,Southwest,CA9KMFKBBM13,1179000,11,607241
N6945013C2530,236220,2013-09-16,1700,Y1AA,Southeast,G5ZNNT3951L3,320739,2,16806
N6247312C2413,236220,2012-06-28,1700,Z1AA,West,Z2VMMKEMTGA6,477837,5,15084
N4008012C2087,236220,2012-09-30,1700,Z1AZ,Southeast,MS3TYTM12QX5,644409,4,596201
FA301016C0007,236220,2016-06-29,5700,Z2FC,Southeast,ZN18CLHUHKK4,2730049,2,32169
N4008310C1003,236220,2010-02-26,1700,Z119,Midwest,GBJ2UMW56NW9,2766810,5,506527
FA481905C0008,236220,2005-09-23,5700,Z299,Southeast,QRLRV4CXZNE4,1095000,1,100000
N4008024C0005,236220,2024-02-16,1700,Z2CZ,West,Q9F1H8XLKHB8,5026681,1,0
N6945024C0023,236220,2024-03-18,1700,Z2PZ,Southeast,MZC1HWND3398,481619,0,0
FA441609C0049,236220,2009-09-30,5700,Z129,Southeast,GBJWUJKLCK29,727600,0,0
FA441812C0016,236220,2012-09-14,5700,Z1AA,Southeast,ZZT7V6DK4NK2,5445,0,0
FA667523C0001,236220,2023-02-10,5700,Z2EB,Southeast,NVSLLHE5WCE5,8445000,5,231650
N6945009C4319,236220,2009-03-12,1700,Z111,Southeast,NPRHJXMJ1JS4,221299,2,5121
FA671217C0005,236220,2017-07-18,5700,Z2AZ,Midwest,M931QEZX3266,295655,0,0
FA810117C0049,236220,2017-09-29,5700,Z1AZ,Southwest,PDQ4N3K7PJA9,478393,0,0
HQ003409C3009,236220,2009-09-28,97F5,Y300,Midwest,LPUNTBN4CNK3,12469000,9,2498159
FA480105C0007,236220,2005-09-12,5700,Z119,West,RQ13XQQKKQ67,163275,0,0
FA441709C0021,236220,2009-09-19,5700,Z199,Southeast,U8ZSN9MATNB7,1210400,7,9917
N6945020C0047,236220,2020-08-07,1700,Y1BG,Southeast,E3RAXP8YLQE3,1006353,1,0
FA480310C0001,236220,2010-02-09,5700,Z162,Southeast,H4N8CJ965YJ4,71164,2,0
N6246704C0092,236220,2004-06-30,1700,Y125,Southeast,P78TR44HGNL6,3174000,7,261112
N6945017C5614,236220,2017-03-15,1700,Z2JB,Southeast,U653PUNVD3W5,26844,0,0
FA460014C0024,236220,2014-09-30,5700,Z2AA,Midwest,D4A6BKNNKWX6,262500,0,0
FA282315C4004,236220,2015-07-30,5700,Y1AA,Southeast,UNFZG6Z8BWF7,936366,4,6800
FA286013C0031,236220,2013-09-27,5700,Z2AZ,Southeast,JH5FPSM2XKA6,251805,4,15990
N4008517C3002,236220,2016-10-07,1700,Z2NZ,Southeast,R5PKHW72L794,99675,0,0
N6247310C3418,236220,2010-09-29,1700,Z165,West,NE8VL3QVQ9F3,457994,2,0
FA460818C0012,236220,2018-09-28,5700,Z2AA,West,XMKLMV8GCWJ5,1455544,4,235454
N4008309C1022,236220,2009-09-11,1700,Y199,Southeast,HU69LM4JENP4,108480,3,16293
FA487706CC022,236220,2006-09-30,5700,Y119,Southwest,STJXNA5AA7F4,582695,5,57617
FA521520C0015,236220,2020-05-11,5700,Z2AZ,West,KHY3NLJKXX53,40205,3,11739
FA282305C0029,236220,2005-07-21,5700,Z199,Southeast,DLG9X3LBX6M6,29889,1,4148
N4008006C3004,236220,2006-09-29,1700,Y199,Southeast,W1MHKZN8DE48,442076,3,12518
N6927203C0040,236220,2003-09-27,1700,Y199,Southeast,G2U8JGNQHNL5,2938410,3,93489
N6945012C4112,236220,2012-09-05,1700,Z1EZ,Southeast,LL1UFXPKHT37,739736,3,260599
N4008010C0501,236220,2009-12-17,1700,Y139,Southeast,SLJSAFJ6CJF6,7945226,12,311297
N6945010C2517,236220,2010-03-18,1700,Y121,Southeast,MGNJHNYXAGJ1,171231,0,0
N4008524C0030,236220,2024-09-18,1700,Z2JZ,Northeast,HSRQXQ7ZVKM4,1130454,0,0
N4008008C1057,236220,2008-08-27,1700,Y119,Southeast,DN8WJ5L5GB87,415000,3,28144
FA308910C0022,236220,2010-09-30,5700,Z111,Southwest,E72SANB68YN4,535441,3,0
FA703708C8003,236220,2008-05-05,5700,Z199,Southwest,UVNKNYP6E4Q9,44766,1,13296
N4008513C6015,236220,2013-09-05,1700,Y1AZ,Southeast,MUM8M28FR626,25833000,17,2163970
FA701210C0010,236220,2010-09-02,5700,Z142,Southeast,G7LBTVZKME26,35030,1,0
FA663311C0004,236220,2011-06-08,5700,Z199,Midwest,T4QYKXWGD8J3,377800,2,2853
FA813723C0007,236220,2022-12-09,5700,Z2QA,Southwest,D56MUMNUV8S5,1760033,0,0
FA670318C0006,236220,2018-07-31,5700,Z2AA,Southeast,ZHZXLM74L9W3,2839045,1,0
N6945018C6807,236220,2018-03-02,1700,Z2QA,Southwest,GQHFPBJ5NAB3,774911,2,96619
FA700010C0027,236220,2010-04-23,5700,Z299,West,NHLNMVCSUL93,12146000,8,1711183
FA940104C0013,236220,2004-09-02,5700,Z111,Southwest,Y1FQJ2GMX6K6,26652,0,0
N4008508C8032,236220,2008-07-24,1700,Z111,Northeast,W8M4M6JDVT35,740000,3,79832
N6247315C1018,236220,2015-09-30,1700,Z2FD,West,TS7BP6PGD4U9,1366503,2,271867
HM157504C0005,236220,2004-07-06,97AB,Z111,Midwest,U3MWVPX1GKH3,557081,2,10393
N6871104C6335,236220,2004-09-30,1700,Z119,West,XL1HXLG5L2G8,197669,0,0
N6247312C3413,236220,2012-09-28,1700,Z1AZ,West,CM6AAWP8H6Y4,1668505,7,234684
N6945012C6844,236220,2012-09-29,1700,Z2AA,Southeast,F4YVA3KTDAH7,394810,3,54520
FA500422C0035,236220,2022-09-30,5700,Z2JZ,West,JM61NJRD58C8,1088650,3,186730
FA810118C0027,236220,2018-09-20,5700,C1JZ,Midwest,XDNKT3LJCKL7,157771,0,0
N6246705C9382,236220,2005-09-30,1700,Y174,Southwest,EFDCMCN2SVU6,1298306,0,0
FA252124C0020,236220,2024-07-03,5700,Z2BZ,Southeast,VFTNWRUE6Q59,1518914,2,0
N6247703C0012,236220,2003-05-30,1700,J038,Southeast,VEP4UN7LDMK5,26254100,24,3290506
FA252109C0045,236220,2009-06-12,5700,Z165,Southeast,W6M6PB5B4DN3,696555,2,29383
FA446007C0005,236220,2007-01-26,5700,Z149,Southwest,WC7YV2FLQEK5,599422,3,49623
N6449820C4003,236220,2020-05-12,1700,Z1AA,Northeast,M4T6NF1QF2T3,338000,1,0
N6945012C5570,236220,2012-05-23,1700,Y1PZ,Southeast,SC5ZH1AU9183,3648350,8,499354
FA441706C0010,236220,2006-07-17,5700,Z199,Southeast,N4V9DDQDAQM7,1186000,1,9457
FA480020C0022,236220,2020-07-08,5700,Y1EZ,Midwest,L7G8LAZH3EJ7,1739874,8,0
FA460009C0069,236220,2009-09-30,5700,Z119,Midwest,QHU1JXKM7D51,530175,2,75403
SP470219C0008,236220,2019-09-11,97AS,Z1GZ,Midwest,LRGBFJFA6M89,4757738,3,3845646
FA441711C0033,236220,2011-09-16,5700,Y111,Southeast,HHG3SELBL376,578817,3,8370
FA500021C0007,236220,2021-01-20,5700,Z1EB,West,RNM6NVJAYDS9,1514967,5,48518
N6247812C1496,236220,2012-07-02,1700,Z2JZ,West,TPGEWNJ4FXN1,374549,1,14680
HDEC0312C0002,236220,2012-06-27,97AZ,Y1AZ,Southeast,UHTNLFP5SV56,11997000,19,1872199
FA850105C0062,236220,2005-09-28,5700,Z199,Southeast,HTARWEN9G245,1389780,4,127063
FA487719C0003,236220,2018-11-20,5700,Z2EB,Southeast,CNWPK177KQ79,1570385,4,9445
FA283522C0020,236220,2022-08-25,5700,Z2QA,Northeast,SPW8KTH63M65,1689859,1,0
N6945012C1787,236220,2012-09-29,1700,Y1AA,Southeast,H6MCMKQK2AM9,49950,2,0
HHSI24120040024CC,236220,2004-05-07,7520,Z142,Midwest,F37PJXDMQG76,232565,4,8896
N6247312C4001,236220,2011-12-20,1700,Y1JZ,Southwest,L7N2PKG7UUW1,440900,0,0
N4008012C3010,236220,2011-11-04,1700,Z1BZ,Southeast,HMRMC9VEM669,223457,3,0
FA488706C0024,236220,2006-05-17,5700,Z119,West,T3RTVJZ49KF5,83200,0,0
FA875115C0068,236220,2015-09-30,5700,Z1EZ,Northeast,GD6AEMR6MHK3,322597,2,38134
FA667020C0007,236220,2020-09-25,5700,Z2BD,Northeast,HS24M3JAGVU5,789000,1,21623
N4425519C2010,236220,2019-09-26,1700,Z2AZ,West,DELENYZCZKA4,441633,1,14781
N6945010C4569,236220,2010-03-01,1700,Z199,Southeast,GVLVJC4BLLA9,32826,0,0
N6945013C3096,236220,2013-09-30,1700,Z2JZ,Southwest,QTJ1W2JQX9Q6,166153,2,88946
FA282323C0035,236220,2023-09-25,5700,Z1JZ,Southeast,EKNKVLNLQQM5,812175,1,26911
FA485516C0039,236220,2016-09-21,5700,Z1AA,Southwest,TSQJL4QKTFS7,123133,1,0
N4008011C1022,236220,2011-09-23,1700,Z299,Southeast,GHDAN1FNERA8,727203,2,6677
FA486121C0020,236220,2021-06-22,5700,Z2JZ,West,KJTFNAH7Z9B2,326984,0,0
HQ003418C0029,236220,2018-07-02,97F5,Z2AA,Southeast,UZ8GYMW2H6G8,751513,3,70379
N6426722C0299,236220,2022-03-31,1700,C212,Southeast,PMNEUNZ7LKA5,3721713,7,5066210
FA301009C0007,236220,2009-09-30,5700,Y119,Southeast,L34KL7NLGVS4,764567,1,0
FA304708C0035,236220,2008-09-29,5700,J059,Southwest,JLT5LGZ3U5A3,2596945,3,63310
FA570612C0010,236220,2012-06-12,5700,Z2EB,Southeast,LN9PU5M2YZN5,999999,0,0
N6247001C1097,236220,2002-12-31,1700,Z162,Southeast,LL9YWE8DY5T3,3816100,4,148352
FA667019CA012,236220,2019-09-04,5700,Y1NZ,Northeast,CFYCK4MMJYJ7,182707,1,0
N6660424C0275,236220,2024-09-18,1700,Z1AZ,Northeast,WLKERTRSKCC5,1063576,0,0
N6945008C3103,236220,2008-09-30,1700,Y300,Southeast,MQTRV3XU9LZ3,1787608,10,578537
FA703711C8009,236220,2011-09-06,5700,Z111,Southeast,LDDWKMG9KMM7,20207,0,0
N4008517C3136,236220,2017-09-30,1700,Z2NZ,Southeast,ELVYAFT1XJZ8,7868,0,0
N6945011C4142,236220,2011-09-07,1700,Z123,Southeast,M9P9VSQRUNE7,637000,4,57780
FA850124C0011,236220,2024-08-26,5700,Z2AA,Midwest,KC4ACZE5GEX5,1169963,0,0
N6247306C4314,236220,2006-06-27,1700,Z159,West,ZSWAT1LQ6NF6,229626,1,51057
HQ003416C0030,236220,2016-08-12,97F5,Z1NB,Southeast,FH2CSF62KVH7,180907,0,0
F3160103C0022,236220,2003-09-25,5700,Z199,Southeast,Y2JLNX7CLLZ9,222358,1,9398
N4008509C0200,236220,2009-09-25,1700,Z179,West,NMJZKCLLCFY1,1516674,8,133699
N4008508C8468,236220,2008-09-23,1700,Y199,Southeast,GX7ZQNHNAXF9,1447856,2,49093
FA485513C0025,236220,2013-09-29,5700,Z2JZ,Southwest,PFPCNALLWAK4,49560,1,0
F4065003C0058,236220,2003-07-25,5700,Y119,Southeast,J37BMDLKC8J7,122250,0,0
N6945010C2580,236220,2010-09-15,1700,Z299,Southeast,HDKPXS1MK486,376640,2,2088
N4008514C6761,236220,2014-09-26,1700,Y1JZ,Northeast,SV2DMS724HK9,787174,3,228967
FA810116C0008,236220,2016-09-22,5700,Z2AA,Southwest,NZ6ALLJLGJ38,75732,1,0
FA442723C0005,236220,2022-12-13,5700,Y1JZ,West,V5B6HWYSAM48,828292,2,0
N6945009C5084,236220,2009-08-07,1700,Z299,Southeast,LH3SQNM5MC46,363899,0,0
FA308909C0004,236220,2009-07-06,5700,Z119,Southwest,TXHAH1NNL6A3,348515,5,23274
FA486118CB032,236220,2018-09-29,5700,Z1AZ,West,CWVJEB454CR7,40325,0,0
N6945011C5823,236220,2011-09-30,1700,Z299,Southeast,H6MCMKQK2AM9,729413,5,65163
FA481921C0012,236220,2021-06-18,5700,P400,Southeast,QP8VNJ36KNY4,3100679,5,401822
F0865003C0065,236220,2003-09-26,5700,Z199,Southeast,MCC6GMHXW4C1,41950,1,550
N3654A07C2013,236220,2007-09-17,1700,C119,Southeast,LN9PU5M2YZN5,279798,1,0
FA664823C0011,236220,2023-03-01,5700,Z2JZ,Southeast,LWD4UPR26MC5,442959,6,0
N6247313C2611,236220,2013-09-28,1700,Y1NZ,West,H6SJLRB7NT99,1368034,5,346653
N0016722C0013,236220,2022-09-30,1700,Y1HB,Southeast,QK6YV91AQ3E7,32200,0,0
N3654A08C8003,236220,2007-11-27,1700,C114,Southeast,LN9PU5M2YZN5,96698,2,0
FA480316C0010,236220,2016-09-17,5700,Z2FB,Southeast,N4BAZDMM7DV7,83545,1,0
N3319113C1218,236220,2013-09-05,1700,C1CA,West,ZNEQDU96DD97,403244,0,0
N6247317C1422,236220,2017-09-26,1700,Z2AA,West,VHBWY3U8CXD8,3278521,4,230793
N4008524C0038,236220,2024-09-27,1700,Z1GZ,Southeast,RL6YZXFT8R87,467305,0,0
N4425514C8003,236220,2014-07-10,1700,Z2NZ,West,DWYAH99GY3Q4,879770,1,0
FA449710H0001,236220,2010-08-25,5700,Z152,West,GTZ5V5PFXJ51,0,3,0
FA252105C0062,236220,2005-08-22,5700,Z299,Southeast,H96PDY7RGJW3,49600,0,0
FA281611C0010,236220,2011-09-26,5700,Y291,West,KX79YME782R4,468767,1,0
FA488709C0039,236220,2009-08-06,5700,Z199,Southwest,UFZYFBT7YK51,288399,0,0
FA930120C0008,236220,2020-05-01,5700,Z2JZ,West,KQLSDGDM8YJ1,3966844,2,360991
FA448419CA039,236220,2019-09-11,5700,Z2JZ,West,WMD6CT8YXG49,86036,1,86036
N4008507C1338,236220,2007-09-25,1700,Z199,Southeast,G7NRDCFCH2L3,653682,1,31168
F0462603C0112,236220,2003-09-24,5700,Z119,West,MY4NMAJ7WBV4,670125,2,60000
DOLJ051A20101,236220,2005-05-26,1630,Y119,Midwest,JZJAJS816KU1,2329994,3,12577
FA282323C0054,236220,2023-09-30,5700,Z2JZ,Southeast,TY77SPHBD5C1,962058,2,0
N4008523C0056,236220,2023-09-19,1700,Z1CA,Southeast,DUS6AVEQ2LH8,1121651,3,26375
F3861003C0012,236220,2003-06-30,5700,Z161,Southeast,JQAUC6GJDXB7,1387700,1,72373
N4008313C1037,236220,2013-09-09,1700,Z1AZ,Midwest,LZL3J61WVEY5,31849,0,0
FA704611C0003,236220,2011-09-27,5700,Z111,Southwest,V1BLCHR3P7M9,10884,1,0
FA310316C0003,236220,2016-09-12,5700,Y1DZ,Southeast,LN9PU5M2YZN5,409960,0,0
FA820116C0055,236220,2016-09-27,5700,Z2JZ,West,JGFSLSXK9DV5,158223,1,0
F0865003C0030,236220,2003-07-18,5700,Z199,Southeast,MCC6GMHXW4C1,16281,1,4300
FA252114C0011,236220,2014-07-31,5700,Z2BZ,Southeast,DJUPKX7D8MM7,1096884,3,69989
N6945017C5639,236220,2017-09-22,1700,Z2PZ,Southeast,HUZ2XKV2KLS5,3983027,4,164372
N4008018C0311,236220,2018-04-13,1700,Y1FC,Southeast,EXF4BLB9P9V1,36375000,10,3054359
N6247003C4349,236220,2003-09-09,1700,Z199,Southeast,LMRMKLLL3LG5,1862508,8,129531
FA449704C0014,236220,2004-09-29,5700,Z111,Northeast,HEGLZ9NLBKL1,685600,1,5432
N6945023C0063,236220,2023-09-19,1700,Z2QA,Southeast,XL67DLCN7U14,372011,1,0
FA667510C0001,236220,2010-02-12,5700,Z111,Southwest,GULZXYGKJWL7,4935,0,0
FA441707C0020,236220,2007-09-29,5700,Y199,Midwest,N2WKZLLGTLL7,720000,5,7800
FA487720C0023,236220,2020-09-28,5700,Z2JZ,Southwest,HVQBCHTEDCM7,1292740,3,25578
FA441610C0048,236220,2010-09-30,5700,Z169,Southeast,JH5FPSM2XKA6,1526690,2,0
N6247308C7704,236220,2008-03-31,1700,Z199,West,HNFPFN7KV558,634885,2,190027
N6945008C4078,236220,2008-07-02,1700,Z129,Southeast,NPRHJXMJ1JS4,1137916,2,947882
FA448419CA007,236220,2019-05-01,5700,Z2BZ,Northeast,TMSJY4K18BU6,2047617,1,0
FA485509C0024,236220,2009-09-30,5700,Z111,Southwest,KMJ3NZCFC989,3275426,5,215969
FA281608C0029,236220,2008-09-30,5700,Z199,West,D4NCDLCMJGL9,150200,1,6768
FA441714C0028,236220,2014-09-18,5700,Y1JZ,Southeast,K9AGH98YB8V3,572500,1,0
N4008311C0010,236220,2011-01-26,1700,Y199,Midwest,ZE2HCHPFBH93,7774646,11,424943
N6247203C5717,236220,2003-12-11,1700,Y199,Southeast,N7N2X87NKC16,2025000,3,64663
FA441610C0043,236220,2010-09-27,5700,Z152,Southeast,ESA1GAW2ER55,12360,2,0
HM157505C0005,236220,2005-08-19,97AB,Z111,Midwest,PANFMJE2DYH2,598869,0,0
FA286020C0006,236220,2020-02-03,5700,Z2QA,Northeast,MNLQH9Z1T1G5,14446,0,0
FA441607C0031,236220,2007-08-24,5700,Z300,Southeast,GGCNCA42XJE4,175139,0,0
N6945013C2549,236220,2013-09-07,1700,Y1CZ,Southeast,D44YRE1KU3H9,230000,2,0
FA813721C0018,236220,2021-02-26,5700,5998,Midwest,KVLPKWFDFRX3,8575913,2,590000
N4008011C3011,236220,2011-07-26,1700,Y111,Southeast,HMRMC9VEM669,2481127,4,24929
N6945019C6413,236220,2019-09-20,1700,Y1PZ,Southeast,W8N6FVMJHDX9,510431,1,0
FA671206C0002,236220,2006-07-18,5700,Z111,Northeast,HPCTKE4DCTY9,462469,1,0
N6945017C7213,236220,2017-05-01,1700,Z1ND,Southeast,EDZJEN3M2ME7,417350,1,110789
FA813720C0017,236220,2020-05-18,5700,Y1EB,Southwest,DXCYR1JGELG1,625639,0,0
F3860103C9004,236220,2003-05-20,5700,Z199,Southeast,X17BRZLBN766,285266,1,1620
FA813719CA012,236220,2019-07-23,5700,Z2JZ,Southeast,KKMKKTDCDKL3,3126706,2,148682
N6945015C5327,236220,2015-07-21,1700,Z2QA,Southwest,WKLSQ2ZZ6H93,220640,0,0
FA813721C0005,236220,2020-10-26,5700,Z2AA,West,DEZJJRF8KHH3,20062515,5,10321160
FA480323C0038,236220,2023-09-25,5700,Z2AA,Southeast,S3TTA9JNHEG6,242281,0,0
N6247202C6508,236220,2002-11-26,1700,Z159,Northeast,N2LXJMB9LKD4,0,3,61700
N4008009C3006,236220,2009-02-11,1700,Y119,Southeast,HMRMC9VEM669,433238,2,13691
N6247001C5574,236220,2003-09-29,1700,Z299,Southeast,M4AKSYL11C97,3758826,2,225000
F2960103C0201,236220,2003-05-28,5700,Y192,Southwest,GKKNXEYFK8F2,225711,1,42436
N6247314C0618,236220,2014-09-29,1700,Z2JZ,West,K59MKTUMMMG5,473387,0,0
FA441808C0004,236220,2008-09-22,5700,Z119,Midwest,FFMXL1D1LLR4,1841852,6,103120
N6945012C5827,236220,2012-09-30,1700,3895,Southeast,H55VWCNYCPQ4,347334,3,104453
FA252111C0062,236220,2011-09-27,5700,Z199,Southeast,FMJVZJK9TJL7,55880,1,0
N6274209C1304,236220,2009-07-06,1700,Y162,Midwest,M6G3M7N4XPS5,24380777,21,6507333
N6247314C3423,236220,2014-09-30,1700,Z1FD,West,SLM7RNSKD525,3093536,10,2951455
HQ003422C0080,236220,2022-07-29,97F5,Z2AA,Southeast,Q7DUFTPAWHN2,260543,1,0
FA301615C0010,236220,2015-09-18,5700,Z2FD,Southwest,G42QB1ZJK3L4,18626,0,0
FA449719CA021,236220,2019-05-16,5700,Z1EB,Northeast,NWLKEJJSEBQ1,2150000,1,15000
FA462607C0012,236220,2007-09-19,5700,Z199,West,KR5GU7KUBPY4,1134000,7,21012
FA446010C0015,236220,2010-09-30,5700,Z152,Southeast,WQQRBMGKAKL4,259655,2,0
DOLETA16C0019,236220,2015-12-04,1630,Y1JZ,West,LNCPPJ2AFB52,3000000,5,253699
N6247307C1530,236220,2007-05-02,1700,Z151,West,QC59GNJMHL85,2518709,1,0
N4008011C1030,236220,2011-09-13,1700,Z299,Southeast,VRJDVLQJ3NJ8,128390,0,0
FA860110C0070,236220,2010-09-29,5700,Z199,Midwest,J4UPYFDPPAQ2,4571000,14,901603
FA465413C0008,236220,2013-09-24,5700,Z2AA,Midwest,TNNCXAG4D466,1882740,7,136138
N6274219C1301,236220,2019-09-16,1700,Y1AZ,West,J1P1SQSCUYK6,15128199,8,190453
FA480304C9028,236220,2004-09-23,5700,Z121,Southeast,HDKPXS1MK486,287926,0,0
FA446016C0028,236220,2016-09-24,5700,Z2JZ,Southwest,NZ6ALLJLGJ38,131791,4,0
FA282308C0030,236220,2008-09-25,5700,Z199,Southeast,N4V9DDQDAQM7,3727600,4,130347
N4008008C0503,236220,2007-10-24,1700,Y139,Southeast,KM1KVDZ8JUF9,730728,2,606574
N6945011C4109,236220,2011-07-31,1700,Z119,Southeast,HCUDMENM7KK5,477783,1,50136
FA700005C0034,236220,2005-09-21,5700,Y151,West,GGG4H3WS2555,599288,0,0
FA252124C0027,236220,2024-09-10,5700,Z2BC,Southeast,GA2DPN5PSSP9,697940,0,0
DOLJ041A10019,236220,2004-09-02,1630,Y119,Southwest,J6TKK1KB36B7,2637218,1,0
FA282324C0045,236220,2024-09-20,5700,Z2JZ,Southeast,KFXUUF21LWA2,1178609,1,0
N6247309C1218,236220,2009-08-25,1700,Z199,West,HNFPFN7KV558,2464883,1,2464883
FA910105C0082,236220,2005-09-30,5700,Z111,Southeast,J37BMDLKC8J7,236865,0,0
FA281624C0026,236220,2024-08-29,5700,J056,West,VJLRABACLTN9,354231,1,0
FA302012C0017,236220,2012-09-20,5700,Z2EB,Southeast,RKQXCNLNN1N5,1792343,3,1835815
FA302004C0004,236220,2004-07-01,5700,Y179,Southwest,C3B5S8FUT5G7,506866,1,1422
N6927203C0017,236220,2003-07-14,1700,Z166,Southeast,C16GLRZ3QJW8,482417,1,86545
N6247308C7526,236220,2008-09-29,1700,Z245,West,NMJZKCLLCFY1,2414738,5,23100
N4008516C3627,236220,2016-09-30,1700,Z1JZ,Midwest,JJM5BPY5NUK1,2997611,1,12671
FA446007C0010,236220,2007-09-29,5700,Y119,Southeast,L1UJBELZ8KD1,570168,13,28170
N4008016C0504,236220,2016-05-16,1700,Y1FZ,Southeast,C1UTSKJ6PMV8,3628486,1,3753
FA330018C0017,236220,2018-09-04,5700,Z2QA,Southeast,YZRLLPJHDEV6,3671832,3,349852
N6945012C0754,236220,2012-07-25,1700,Y1DB,Southwest,JE5NLAQTNFB4,19096000,36,2604188
N6945012C2260,236220,2012-06-06,1700,Z2JZ,Southeast,YNV3D76PKNU4,1211864,6,64336
FA487715CA005,236220,2015-09-14,5700,Z2AZ,Southwest,SJLFSX6YPEE7,6379000,4,912671
N4008006C0511,236220,2006-05-12,1700,Y199,Southeast,CYYKPGB57QK5,811000,3,49345
FA940106C0003,236220,2005-10-18,5700,Z119,Southwest,HPHAHD1GAFE6,9837,0,0
FA480318C0008,236220,2018-06-29,5700,Z2AZ,Southeast,N6HFKLNTN995,1236494,3,12323
FA441718C0012,236220,2018-09-27,5700,Y1AZ,Southeast,JWEKJPR1M6L3,566000,2,23201
N6247319C1239,236220,2019-09-30,1700,Z2AZ,Southeast,D3JLKPCDVVF9,1542715,3,50036
N6945009C6080,236220,2009-09-26,1700,Y199,Southeast,YNMQH3WNRBN5,337061,2,7495
N6246703C2040,236220,2004-08-24,1700,Y119,Southeast,X17BRZLBN766,564000,2,13322
N6945014C5577,236220,2014-09-22,1700,Y1EB,Southeast,EKSLQ2CD7F48,2196715,3,0
N4008516C6119,236220,2016-06-15,1700,Y1AZ,Southeast,RJACTB837YT1,19080553,24,4407942
FA481920C0040,236220,2020-09-28,5700,Y1PZ,Southeast,W87GLU5U31J7,3186712,1,0
N4008011C2001,236220,2010-10-27,1700,Z199,Southeast,J9F4RQ1G6NE1,137100,6,76488
N6945022C0009,236220,2021-12-16,1700,Z2DA,Southeast,CZGRCU3DLKZ9,2248442,2,240481
N4425516C0010,236220,2016-07-05,1700,Y1CA,West,S3NSLFUS3Y73,737945,0,0
FA441811C0013,236220,2011-09-14,5700,Z162,Midwest,FFMXL1D1LLR4,998559,4,184795
FA940112C0040,236220,2012-09-18,5700,Z1AA,Midwest,LLW3NFVJSET8,13782,2,16142
N6247308C2204,236220,2008-03-31,1700,Y245,West,NMJZKCLLCFY1,752989,0,0
FA441917C0002,236220,2017-06-29,5700,Z2EZ,West,H5LQWNXCMAH5,1207545,2,0
N4425524C6001,236220,2024-09-25,1700,Z2ED,West,ZSWBKTG6MLD4,875498,0,0
N6945011C4591,236220,2011-09-21,1700,Z199,Southeast,S26CS5EGE4L5,399996,0,0
N4008524C0024,236220,2024-07-09,1700,Y1BG,Southeast,EMJLMMN441E5,609910,0,0
N4008507C4387,236220,2007-09-25,1700,Z111,Northeast,MEX9FCDC8H17,769100,1,102800
DOLJ111A21689,236220,2011-06-29,1630,Y119,Southeast,TM6LCC4X4CV1,4444301,5,745312
FA488704C0062,236220,2004-09-09,5700,Z111,Southwest,CETAUTFH6RU1,3369,0,0
FA468608C0035,236220,2008-09-30,5700,C130,West,M3EFASR74Y88,0,1,0
FA286014C0038,236220,2014-09-18,5700,Z1BD,Southeast,VUR8QKPP8NY3,16554,1,0
HQ003414C0081,236220,2014-09-26,97F5,Y1AA,Southeast,LZVZCLZHD294,602743,7,3771
FA485516C0012,236220,2016-07-14,5700,Z1AA,Southwest,JHEJMWJACNN8,1007471,2,6052
FA281618C0008,236220,2018-07-31,5700,Z2AA,West,KQF3MP2U2GD1,903653,1,0
FA281620C0020,236220,2020-09-30,5700,Z2QA,West,NA7QDG668B66,547887,0,0
FA441714C0022,236220,2014-09-22,5700,Z2AZ,Southeast,M1WSGZRJMNS3,899000,4,27406
FA667509C0004,236220,2009-09-02,5700,Z111,Southwest,H4HBEYUCZ7M1,25453,0,0
N4008012C3034,236220,2012-09-24,1700,Y1AA,Southeast,HMRMC9VEM669,742784,5,67322
FA442719CA028,236220,2019-08-20,5700,J099,West,F3FCJLTLEEW4,532201,1,252898
FA875110C0014,236220,2010-08-31,5700,Z111,Northeast,FUL9FAAW2QA7,1521200,2,5622
FA820116C0036,236220,2016-09-30,5700,Z2JZ,West,JGFSLSXK9DV5,594999,0,0
FA468607C0015,236220,2007-09-29,5700,Y139,West,FEKWQ12B2J44,665005,0,0
F0462603C0116,236220,2003-09-22,5700,Z199,West,ZL2MSJREJ6A5,429000,1,9156
N4008522C0005,236220,2022-01-10,1700,Z2EB,Southeast,V23MRSK6DM84,429965,1,0
FA330007C0020,236220,2007-09-29,5700,Z111,Southeast,R6J4A33KEVN8,3598941,2,23857
N4008514C0205,236220,2014-07-30,1700,Z2AZ,Southeast,VCASGYK6ADM4,1804731,10,1112536
FA252105C0051,236220,2005-06-22,5700,Z151,Southeast,JXTFUPCKUNE4,36419,0,0
N4008508C1018,236220,2008-09-26,1700,Y199,Southeast,G7NRDCFCH2L3,630407,2,11151
FA465418C0006,236220,2018-08-23,5700,Z2FD,Southeast,Y9FRK3A8ZNE7,39902,2,0
N0042124C0035,236220,2024-03-15,1700,Z2AA,Southeast,VUR8QKPP8NY3,24420,0,0
FA890318C0021,236220,2018-08-10,5700,Y1BZ,West,JM61NJRD58C8,649768,0,0
N6247204C0045,236220,2005-06-23,1700,Y299,Southeast,SLY3WCJ1RGD5,2946475,1,10428
FA440707CC008,236220,2007-09-28,5700,Y174,Midwest,UM11LRYMQ8S4,110065,7,0
FA481910C0032,236220,2010-09-30,5700,Z119,Southeast,GVLVJC4BLLA9,511931,1,0
N4008515C5015,236220,2015-09-29,1700,Y1DA,Southeast,ZMRUA41BEH73,1192882,2,0
FA282309C0024,236220,2009-09-25,5700,Z199,Southeast,C9EGGDRPMPF8,726329,3,75686
FA281617C0029,236220,2017-09-26,5700,Z2QA,Midwest,TY99NKDZ8ZJ3,360000,0,0
FA890324C0023,236220,2024-09-25,5700,Z2AA,West,RN3HXJFWXMY4,1763733,0,0
N4008012C3037,236220,2012-09-24,1700,Y1AA,Southeast,Z6N1GCAHK2Y5,357620,1,0
FA481920C0038,236220,2020-09-26,5700,Y1EB,Southeast,U653PUNVD3W5,2469406,2,0
N6274215C1301,236220,2015-04-14,1700,Y1BZ,West,H1KPDZLCMNR8,62493027,51,10392399
MDA94603C0016,236220,2003-03-06,97F5,Z111,Southeast,Z2CYUAYZYVD1,125000,0,0
N6945012C0030,236220,2012-02-22,1700,Y1JZ,Midwest,MKK2BDD6PZ55,1234898,4,286235
N0042123C0037,236220,2023-08-23,1700,Z2AA,Southeast,QEJPBRUZ7L66,134087,0,0
N6945009C3614,236220,2009-09-30,1700,Y199,Southeast,L34KL7NLGVS4,239850,1,0
DOLJ131A22108,236220,2013-08-23,1630,Y1CA,Southeast,N8VQYJWD8CR5,28000,6,195241
FA462615C0010,236220,2015-05-28,5700,Z2AB,West,RWZEN7DKN9Y1,442941,3,311754
FA282315C4002,236220,2015-04-24,5700,Z1AA,Southeast,PQUEL5MZFDJ3,2302749,6,78458
FA462617C0013,236220,2017-09-28,5700,Z2PZ,West,EJ5JRBABLMJ7,477140,0,0
FA281609C0056,236220,2009-09-30,5700,Z199,West,JXA9XMRPUJ57,881092,4,308969
N0017423C0020,236220,2023-09-27,1700,Z2JZ,Southeast,K1X3AGMLFCJ3,1687438,0,0
SP310008C0025,236220,2008-08-05,97AS,Z119,West,ZVWSGBBSJWZ8,337770,0,0
F4265003C0134,236220,2003-09-29,5700,Z299,West,LNEAJYDGKE81,1446938,4,599985
N4008507C1917,236220,2007-05-23,1700,Y139,Southeast,F58ABW7WBAV7,14484900,6,50915
N6247311C4209,236220,2011-05-20,1700,Y111,Southwest,N5HHAULF5BY7,499370,0,0
N6247308C3544,236220,2008-09-24,1700,Z163,West,HNFPFN7KV558,3053088,4,821945
N6246704C3794,236220,2004-09-21,1700,Z199,Southeast,C16GLRZ3QJW8,5000,1,2003
N6247816C1506,236220,2015-11-04,1700,Z1BZ,Northeast,H87KDCXJ3MR3,2699000,3,643817
N6945024C0070,236220,2024-08-29,1700,Y1JZ,Southwest,MK1FBNRMQME5,2368355,0,0
FA489708C3008,236220,2008-09-29,5700,Z163,West,NUJTJF89UGN7,1106738,2,0
FA671215C0004,236220,2015-07-24,5700,Z2BD,Northeast,K8APXEU6M6V7,728419,6,94456
FA283512C0023,236220,2012-09-27,5700,Y1QA,Northeast,NEXBSWDG9MF1,767871,3,13167
N6945013C2276,236220,2013-09-23,1700,Z2GZ,Southeast,RZ53PAJUCNF4,278510,1,0
FA570215C0016,236220,2015-09-14,5700,Y1JZ,Southeast,LN9PU5M2YZN5,0,3,98372
N4425516C4000,236220,2015-10-27,1700,Z2LB,West,NXM8TF3B3R95,394308,1,0
FA487723C0026,236220,2023-09-27,5700,Z2AA,West,TKQADDKCKDZ5,263089,0,0
N4008507C1339,236220,2007-09-26,1700,Z199,Southeast,KJ5HHPXMQJ57,372614,1,0
FA481911C0024,236220,2011-09-30,5700,Z199,Southeast,GRUVBCL86B39,1047598,6,63916
N4008515C9620,236220,2015-09-26,1700,Z2CA,Northeast,P4VMADT56LM3,3558430,7,512334
N6247308C3705,236220,2008-01-31,1700,Y119,West,HNFPFN7KV558,869842,3,13871
FA810118C0033,236220,2018-09-13,5700,C1JZ,Southwest,L56XL6VKCJV5,280329,0,0
N4008517C8327,236220,2017-06-29,1700,Y1BZ,Southeast,SZKNP57U5UK3,69915945,45,10158302
FA671217C0008,236220,2017-09-30,5700,Y1EA,Midwest,PAKMFJ1M2T51,1238300,2,46700
N6945017C8015,236220,2017-09-30,1700,Z2JZ,Southeast,V23MRSK6DM84,241868,0,0
N6945008C4077,236220,2008-06-05,1700,Y111,Southeast,GNANNXYK2B13,97507,4,18839
FA283520C0016,236220,2020-07-29,5700,Z2JZ,Northeast,SPW8KTH63M65,623874,0,0
N4008014C2011,236220,2014-04-23,1700,Z1JZ,Southeast,RHD7RL3773K9,327811,0,0
N6247023C0001,236220,2023-02-03,1700,Y1BD,West,LFH4SUCVA379,20291410,0,0
FA940123C0021,236220,2023-09-29,5700,Z2AZ,Southwest,E5MNYJ7TK8R6,1663245,2,0
F1461403C0008,236220,2003-04-24,5700,Y152,Midwest,SMBFFG4D4LM5,53500,1,1213
N6945012C4566,236220,2012-02-15,1700,Z2PZ,Southeast,GVLVJC4BLLA9,1027801,1,43764
N6247318C2401,236220,2018-03-29,1700,Z1CZ,West,Z2VMMKEMTGA6,187532,0,0
N6247310C2610,236220,2010-04-27,1700,Z141,West,ZSWAT1LQ6NF6,817331,0,0
FA302024C0014,236220,2024-09-12,5700,Z2AA,Southwest,ZL1AFP7PT7Z2,657690,0,0
FA667504C0004,236220,2004-06-29,5700,Z199,Southwest,SJHHUCB1YRK8,6075,0,0
SP470215C0017,236220,2015-09-14,97AS,Z2AA,Midwest,PN53GQDJXRH8,223604,2,149588
FA304709C0034,236220,2009-09-30,5700,Z179,Southwest,GX1FD14W4EN5,184138,2,59052
N6247311C0205,236220,2011-09-29,1700,Y119,West,CM6AAWP8H6Y4,537652,2,0
N6945013C3603,236220,2013-09-29,1700,Z2FC,Southeast,E8MCAKAVZ8C4,457580,1,0
DOLJ111A21709,236220,2011-06-30,1630,Y199,Southeast,MLJXVS2FSRB3,2249733,3,9908
FA521518C9005,236220,2018-09-04,5700,Y1PZ,West,QP3RWJE6FJQ6,2270059,1,635
N6945009C3106,236220,2009-08-31,1700,Y300,Southwest,NAV7T2BKQ4X3,2436998,10,76229
F0260403C0050,236220,2003-09-08,5700,Z244,Southwest,TP5RK2DNSHA1,293400,0,0
N6945023C0080,236220,2023-09-26,1700,Y1LB,Southeast,Y4PKDG8XFQA3,7129689,0,0
N6945012C5822,236220,2011-10-26,1700,Y1AZ,Southeast,H55VWCNYCPQ4,641457,4,48316
N6945016C4142,236220,2016-09-23,1700,Z1GZ,Southeast,E8MCAKAVZ8C4,159107,1,0
N6246705C3708,236220,2005-05-24,1700,Z161,Southeast,C16GLRZ3QJW8,0,1,4294
N6945007C1272,236220,2007-09-28,1700,C219,Southeast,MQTRV3XU9LZ3,129958,0,0
N4425508C6008,236220,2008-09-18,1700,Y131,West,PGCEEXLKMKF6,10281916,11,669541
N6274210C1302,236220,2009-12-17,1700,Y139,West,GWBGP7HC48C8,15869000,6,958404
N6274217C1309,236220,2017-05-25,1700,Y1AA,West,T22XQCK2GNV9,1511617,1,100440
N3319110C1476,236220,2010-09-30,1700,Y131,Southeast,LN9PU5M2YZN5,207333,1,0
N6945024C0016,236220,2024-01-24,1700,Z2QA,Southwest,Y39WECM2RRL5,1964830,2,55643
N6945013C3569,236220,2012-11-15,1700,Z2FC,Southeast,UL2NWLKG53K4,239703,1,40583
N6945013C6833,236220,2013-09-30,1700,Z2AA,Southwest,LRBEJLLLBUT1,456578,0,0
FA820104C0037,236220,2004-04-02,5700,Z299,West,G8N5J2GPN7U8,306803,2,49901
N4008518C3010,236220,2018-07-10,1700,Z2PZ,Midwest,XJEBDRH9UKK5,1573700,1,835
FA441822C0020,236220,2022-07-07,5700,Z2CZ,Midwest,KD9WL1TSJ728,986192,4,129960
FA441812C0023,236220,2012-09-28,5700,Y1AA,Southeast,G8FNZ6WPN3K2,745490,3,0
DOLJ121A21919,236220,2012-06-29,1630,Z1CZ,West,T8NAX48XA2W3,883182,9,79639
N4008012C0517,236220,2012-09-28,1700,Z2FE,West,MB61MDZD7N11,455600,0,0
N6247700C0007,236220,2003-02-12,1700,Y119,Southeast,C5ZSQJGMJ6M5,0,57,974922
HQ005004C0006,236220,2004-06-18,97F5,Y119,Southeast,WLP5PYSE1FD6,29924594,20,4152452
FA667515C0008,236220,2015-09-28,5700,Z2AA,Southwest,S67NQD6BWL17,187350,2,10653
FA302005C0005,236220,2005-05-16,5700,Z199,Southwest,FPB3FH8AH4A1,124452,1,3000
N4008009C1013,236220,2009-04-08,1700,Z199,Southeast,GZHFK9TDF9Z4,64038,1,3520
N4008015C0165,236220,2015-09-30,1700,C1AA,Southeast,Z6N1GCAHK2Y5,3018262,3,0
N4008509C0031,236220,2009-09-30,1700,Y199,Northeast,K79KXM8NSJK4,1456561,12,391651
N4008019C0502,236220,2019-05-23,1700,Y1JZ,West,CKLDDEUNBJB4,2411932,2,2898883
HQ003422C0120,236220,2022-09-28,97F5,Z1AA,Southeast,DV9FJK9Y3MD3,478661,4,111980
N4008013C0508,236220,2013-04-26,1700,Z1CZ,Northeast,RES1LYVP8ZK4,1100000,1,0
N4008307C0006,236220,2007-05-25,1700,Y224,Midwest,WS19UWXJ98Z6,16061800,10,1526056
N6247308C7722,236220,2008-07-14,1700,Z199,West,HNFPFN7KV558,449995,2,38390
FA570012C0006,236220,2012-06-01,5700,Z2JZ,Southeast,LN9PU5M2YZN5,35500,0,0
F1162303C0013,236220,2003-05-19,5700,Z111,Midwest,PK71WTK9NWE8,350450,2,20737
FA570217C0019,236220,2017-09-27,5700,Y1AA,Southeast,LN9PU5M2YZN5,750000,3,25595
N6247312C4018,236220,2012-06-11,1700,Y1AA,Southwest,JKYHTJB6MG35,425619,0,0
N6945013C6329,236220,2013-06-28,1700,Z1AA,Southeast,LH3SQNM5MC46,326583,0,0
F0960903C0023,236220,2003-09-30,5700,Z119,Southeast,EGHPHNK86JG4,1652908,2,14294
N4008312C1024,236220,2012-09-26,1700,Y1JZ,Midwest,PSVBPJZHQYE6,699508,4,78788
FA468623C0003,236220,2022-12-02,5700,Z2AA,West,HNJNSKFP5VK1,489835,2,57897
N6247306C6020,236220,2006-06-30,1700,Z153,West,TNNUKM22NCN5,1807000,8,301536
N6247314C2809,236220,2014-08-22,1700,Z2AZ,West,K71UDVLLQ2J6,469922,1,0
F3861003C0008,236220,2003-04-23,5700,Z119,Southeast,LA2KJNLMHZ35,272755,2,14363
FA810119CA014,236220,2019-03-11,5700,Z2EB,Southwest,PDQ4N3K7PJA9,177823,1,0
N6945007C2570,236220,2007-09-14,1700,Y149,Southeast,JE5KN33ZZ2X8,132275,2,0
FA813721C0033,236220,2021-06-15,5700,Z1BC,Southwest,RT47KJGETZB6,121361,0,0
N4008012C1034,236220,2012-09-26,1700,Z2JZ,Southeast,VRJDVLQJ3NJ8,456378,1,0
FA488709C0034,236220,2009-07-24,5700,Z199,Southwest,D2X9SJ4KXWK4,245157,0,0
FA570815C0006,236220,2015-09-01,5700,Y1JZ,Southeast,LN9PU5M2YZN5,36176,1,0
N3654A08C8006,236220,2008-06-05,1700,Y131,Southeast,LN9PU5M2YZN5,107862,2,22805
FA481919CA032,236220,2019-09-27,5700,Z2JZ,Southeast,LTTZP7SLLHF1,3290488,4,896890
FA440709C0026,236220,2009-09-29,5700,Y199,Midwest,FN7GJ7LGZBL5,202000,0,0
N4008012C4426,236220,2012-09-30,1700,Z1PA,Southeast,N92QDKVD55E9,3524753,3,25183
FA930118C0006,236220,2018-09-19,5700,Z2PZ,West,MWFFNLC2EX15,345319,1,172256
FA301021C0009,236220,2021-04-22,5700,Z2JZ,Southeast,LTTZP7SLLHF1,674850,3,76532
N6945009C3596,236220,2009-09-15,1700,Y300,West,NPRHJXMJ1JS4,1364649,0,0
N6945024C0066,236220,2024-09-11,1700,Z2JZ,Southwest,STAGTSLJ1BK9,10882117,0,0
N6247306C6333,236220,2006-09-30,1700,Z199,West,XL1HXLG5L2G8,97850,0,0
N6945009C4114,236220,2009-09-29,1700,Z129,Southeast,NPRHJXMJ1JS4,2712989,2,0
FA670306C0005,236220,2006-09-19,5700,Z164,Southeast,X8A3F6NQNXK5,1383152,8,95506
N6247311C4204,236220,2011-03-03,1700,Y129,Southwest,MTJAT2ZAF7Y4,374391,3,723956
N6247310C2024,236220,2010-09-30,1700,Z199,West,CXEBQNKVASG7,407000,3,0
N4008514C9106,236220,2014-03-06,1700,Y1JZ,Northeast,HQ36JBTNG2W8,129615,1,19003
N6945018C5633,236220,2018-06-06,1700,Z2JZ,Southeast,HMJRCAJ1NKV3,171443,5,133510
FA483010C0006,236220,2010-09-10,5700,Z199,Southeast,GX7ZQNHNAXF9,10000,4,753116
FA813721C0025,236220,2021-05-03,5700,Z1AA,Southwest,M34GPJWKR1K4,429404,0,0
N4008515C7516,236220,2015-07-28,1700,Y1AZ,Southeast,HB25U4CYQRC4,8847346,9,219951
FA282319CA064,236220,2019-09-30,5700,Z2JZ,Southeast,GA2DPN5PSSP9,1700000,5,68982
N4008510C3010,236220,2010-06-22,1700,Y119,Southeast,JC2LLTBS12B1,8233000,24,3902052
N0042123C0043,236220,2023-09-12,1700,Z2AA,Southeast,K1X3AGMLFCJ3,520436,0,0
FA667507C0010,236220,2007-09-21,5700,Z199,Southwest,NWNBVHG4AZM8,48950,2,0
N3654A08C5010,236220,2008-04-11,1700,C119,Southeast,LN9PU5M2YZN5,249356,0,0
N6247310C1005,236220,2009-12-15,1700,Z159,West,RQ13XQQKKQ67,2236083,6,1017165
SP470216C0019,236220,2016-09-20,97AS,Z2EB,Midwest,UJ5FL15HJXC6,98320,1,7834
FA300205C0008,236220,2005-08-15,5700,Y119,Midwest,MN15HNNCAM17,9695000,0,0
N4008509C7017,236220,2008-11-04,1700,Y199,Northeast,FTJMEJQCG4L5,6857000,6,1209937
N6246705C0202,236220,2005-09-22,1700,Y199,Southeast,K5T8C9EN11X4,9100000,23,8857550
FA665610C0003,236220,2010-09-14,5700,Z129,Midwest,PFKFJR4UWJE8,693800,4,44238
N4008312C1013,236220,2012-02-14,1700,Z2JZ,Midwest,NUJKQ1LGCLY6,814863,4,47450
N0017422C0012,236220,2022-07-19,1700,Z2JZ,Midwest,EH16M4534MD3,362722,1,0
FA441704C0002,236220,2004-04-30,5700,Y119,Southeast,NECDWJVL1QK5,733500,0,0
FA810119CA032,236220,2019-09-23,5700,Z2JZ,Southwest,Y4B1TWZ74MJ6,559039,0,0
N6945007C6330,236220,2007-03-07,1700,Z199,Southeast,GRUVBCL86B39,246546,1,39403
FA667519CA001,236220,2019-02-27,5700,Z2AA,Southeast,ZA1VCNFYN3H3,106416,1,26500
N6247308C8216,236220,2008-09-23,1700,Y111,West,XBYQLLJVCFJ5,489000,3,0
N6945019C2508,236220,2019-09-26,1700,Z2AZ,Southeast,N6HFKLNTN995,1389332,6,644491
N6871105C1006,236220,2005-06-29,1700,Y129,West,EFRGLFU1Q5Q5,575000,4,0
N6945012C4567,236220,2012-03-30,1700,Z2PZ,Southeast,HPXGPF3LRLX6,2368390,1,54000
N4008517C8325,236220,2017-05-30,1700,Y1JZ,Southeast,KJ1ZS574VV73,32935000,15,3165884
N6247318C1025,236220,2018-09-29,1700,N012,West,VJLRABACLTN9,542490,0,0
DOLJ041A00022,236220,2004-06-30,1630,Y119,West,GXLFMFL81MD3,2986285,2,109698
N6945019C0124,236220,2019-09-20,1700,Y1JZ,Southeast,GEEHR98LM661,3204668,2,0
FA850111C0059,236220,2011-09-22,5700,Z199,Southeast,C437KJN99FN6,154000,2,29000
N3319115C1208,236220,2015-05-04,1700,Y1FC,Southeast,NN2NGPDNCK23,474040,2,126410
N6247307C6421,236220,2007-06-06,1700,Z199,West,XL1HXLG5L2G8,120728,3,8776
FA860112C0305,236220,2012-09-28,5700,Z2JZ,Midwest,SAG2NR9ML9K7,2686000,14,316353
N4008519C9124,236220,2019-09-30,1700,Y1DA,Midwest,ECVUGNM64KJ9,28729994,19,2276631
DOLJ051A20211,236220,2005-08-04,1630,Y119,Southeast,GJBUG1SC8TD4,1768000,2,26536
FA860109C0072,236220,2009-09-30,5700,Z199,Midwest,XM79LKUM45M7,300000,0,0
HQ003409L3016,236220,2008-12-19,97F5,Z111,Southeast,CDLQNUJUNZF3,502290,0,0
N6274215C1305,236220,2015-09-01,1700,Y1EB,West,J1P1SQSCUYK6,41850962,44,4914860
N6871102C0035,236220,2004-12-08,1700,Y169,West,GMJPZCJDUG24,0,3,215124
FA282324C0042,236220,2024-09-11,5700,Z2JZ,Southeast,KFXUUF21LWA2,485267,0,0
FA480010C0017,236220,2010-09-28,5700,Z159,Southeast,JX6LLN532S83,472293,2,9434
FA468610C0009,236220,2010-05-14,5700,Y169,West,HJJKPJHZQUB3,1689376,7,126998
F0561103C0039,236220,2003-05-15,5700,Z199,West,YZLDPBVK9QU3,326629,3,24238
N6945010C1257,236220,2009-12-18,1700,Z119,Southeast,LTLPJBTKW8L4,175548,1,19104
N6945007C1770,236220,2006-12-28,1700,Y141,Southeast,LAKUUKDX7VF5,41590506,53,3066180
N4008517C5341,236220,2017-09-23,1700,Z1GZ,Southeast,D44YRE1KU3H9,299720,0,0
N6247320C0003,236220,2019-11-26,1700,Z2AZ,Southwest,NNCEC8G9QKK7,698849,1,0
N4008517C0555,236220,2017-09-30,1700,Z2EC,Northeast,LCJ3FY3T4J43,1180500,3,7297
N4008508C8021,236220,2008-03-12,1700,Y294,Northeast,MEX9FCDC8H17,701100,2,68581
FA304713C0030,236220,2013-09-27,5700,Z2JZ,Southwest,E9FYH6EZ16M3,952281,0,0
FA460810C0008,236220,2010-08-20,5700,Z119,Southeast,HQPFN2WYJQK4,3491273,15,1296064
FA441706C0011,236220,2006-07-31,5700,Y199,Southeast,N4V9DDQDAQM7,727600,10,1231895
N4008020C0001,236220,2019-11-12,1700,Y1DA,Southeast,F8LFEYGWMBB6,120000000,64,167870062
FA283523C0001,236220,2022-11-08,5700,Z2EZ,Northeast,GK87RKLZUMG5,29807000,1,109797
FA480309C0029,236220,2009-09-30,5700,Z199,Southeast,FQBHRCFD5HJ3,1515960,3,16392
FA481922C0015,236220,2022-06-15,5700,Y1GZ,Southeast,J5CPZ9VUWC54,999231,2,0
FA441708C0011,236220,2008-09-22,5700,Z199,Southeast,HHG3SELBL376,671439,2,28669
FA488723C0014,236220,2023-09-30,5700,Y1PZ,Southwest,KMSLVW1MZWU9,851550,2,0
N6945017C5657,236220,2017-09-21,1700,Z1AZ,Southeast,U653PUNVD3W5,761230,1,0
N6247002C3580,236220,2003-04-23,1700,Z119,Southeast,RVMJK3GK7DB4,107047,2,6810
N6246705C6451,236220,2005-09-29,1700,Z111,Southwest,FDDZCVYB24K7,525000,0,0
N4425514C6031,236220,2014-09-29,1700,Z1EZ,West,DWYAH99GY3Q4,638458,1,0
N6247309C1823,236220,2009-08-24,1700,Z199,West,S1F4QN9HB2F7,412207,1,0
FA704604C0007,236220,2004-04-09,5700,Z111,Southwest,R66LHUYPJ313,245645,0,0
FA488516C0001,236220,2015-10-13,5700,Z2FZ,Southeast,LN9PU5M2YZN5,102550,0,0
SP310006C0013,236220,2006-08-21,97AS,Z179,West,H2ZUJJNLGNJ9,241144,0,0
N6134020C0030,236220,2020-04-27,1700,Z2AB,Southeast,SE9MKMB4S4B1,6870,0,0
FA441805C0004,236220,2004-11-02,5700,Z129,Southeast,KNXFN64JLFG3,1364000,0,0
N6945009C2525,236220,2009-04-08,1700,Z159,Southeast,LH3SQNM5MC46,105279,1,0
FA485506C0024,236220,2006-09-27,5700,Z119,Southwest,VSCPNC8DHPM5,764505,0,0
FA460809C0037,236220,2009-09-30,5700,Z111,Southwest,KTG8LSMNW7T1,1049774,1,0
FA813721C0020,236220,2021-04-02,5700,3443,Southwest,D56MUMNUV8S5,1172612,3,44660
N6247310C2007,236220,2010-07-27,1700,Z111,West,FZDNAMV9GU63,296205,1,0
N4008509C3222,236220,2009-09-11,1700,Y139,Midwest,RFZGYZGMUPN7,13413540,12,3633727
N6246703C0056,236220,2003-06-18,1700,Y121,West,G3NNWNMA3VD1,2953108,4,140342
N6945011C5068,236220,2011-03-15,1700,Z299,Southeast,RR5VT1KXV7U6,2927055,5,220420
W9126G10C0087,236220,2010-09-10,2100,Y141,Southwest,V7JHGJU9KNJ4,503832293,136,388388548
N4008515C6400,236220,2015-09-18,1700,Y1EB,Southeast,JC2LLTBS12B1,4043788,6,94885
N6945010C1757,236220,2010-01-20,1700,Y162,Southeast,RRKASFUKYMJ4,5399000,11,829893
FA449720C0009,236220,2020-04-15,5700,Z2EB,Southeast,QSKEZMJSEC79,138800,1,0
SP330024C0003,236220,2024-09-19,97AS,Z2GZ,West,Z1L4N6APMQA6,455016,0,0
N6945019C8418,236220,2019-08-07,1700,Z2BZ,Southeast,KW2RL9X5L5C4,3079028,1,799453
F4561303CB004,236220,2002-12-08,5700,Z179,West,WV1KCC1JMFL7,1462453,2,2941
N6246795C2739,236220,2002-11-04,1700,Z199,Southeast,X4QQF9HL39Y7,0,1,98218
F4161203C0022,236220,2003-08-29,5700,Z142,Southwest,FPB3FH8AH4A1,53726,0,0
N4008009C0169,236220,2009-09-30,1700,Z199,Southeast,M1XVML4HAEH7,248571,0,0
N4008009C4403,236220,2009-07-27,1700,Y119,Southeast,TALCYVG8GB25,681647,2,58747
FA940106C0008,236220,2006-03-20,5700,Z119,Southwest,R66LHUYPJ313,146593,0,0
N6247309C1820,236220,2009-05-22,1700,C119,West,HNFPFN7KV558,429926,1,7931
N4008310C0024,236220,2010-09-30,1700,Y199,Midwest,FNQ3UMGEZAC5,7245400,19,1305024
N6945008C1762,236220,2008-06-16,1700,Y199,Southwest,Z77UJQBW7NA1,2967700,20,3310148
N6945009C4337,236220,2009-09-29,1700,Z159,West,NPRHJXMJ1JS4,145257,2,0
N4008017C4456,236220,2017-09-20,1700,Y1GZ,Southeast,CP4NW4REPH28,196950,0,0
FA460019C0001,236220,2018-10-26,5700,Z2FB,Midwest,CDFKGDFQJP74,1646500,4,237365
FA441709C0009,236220,2009-06-18,5700,Y179,Southeast,NJ86JTSRJ9L3,419700,2,3263
N6945009C1288,236220,2009-09-30,1700,Z299,Southeast,HPXGPF3LRLX6,274861,2,0
N4008012C2537,236220,2012-09-28,1700,Z2DB,Southeast,HMRMC9VEM669,1419444,1,158333
HQ003418C0042,236220,2018-05-24,97F5,Y1AZ,Southeast,R6CPWWDD4AM1,16283000,9,5985553
FA488513C0014,236220,2013-09-29,5700,Y1JZ,Southeast,LN9PU5M2YZN5,185733,0,0
FA671215C0011,236220,2015-09-29,5700,Y1AZ,Midwest,LLW3NFVJSET8,2850903,7,266276
N4008017C4458,236220,2017-09-30,1700,Z1DZ,Southeast,L3PEDEHACZY3,544981,2,0
FA468610C0035,236220,2010-09-29,5700,Y179,West,VG4CJ4BMVN76,697006,5,0
DOLETA16C0123,236220,2016-09-20,1630,C1KZ,Southeast,JET2NSMLD4G8,413182,6,92547
FA480310C0006,236220,2010-04-20,5700,Z199,Southeast,H4N8CJ965YJ4,8569,1,0
N6945020C0025,236220,2020-05-19,1700,Z2FF,Southeast,QQHXNPMQ36X4,256746,0,0
N4008012C2051,236220,2012-09-30,1700,Z2AA,Southeast,T4KABN8LU4K6,69626,0,0
FA446010C0008,236220,2010-07-30,5700,Z199,Southwest,WC7YV2FLQEK5,52577,0,0
FA667006C0003,236220,2006-09-08,5700,Z111,Northeast,JN5LEQQBYNL7,86374,2,26409
SP330018C0021,236220,2018-09-21,97AS,Z2GZ,West,Z1L4N6APMQA6,141430,2,2491
FA282319CA073,236220,2019-09-27,5700,Z2JZ,West,S6Z7GMYZCFB3,102921,3,0
N6871103C3736,236220,2004-09-30,1700,Y199,West,EG59ND6RTQ43,0,2,350219
FA449704C0012,236220,2004-09-23,5700,Z291,Southeast,LA2KJNLMHZ35,172977,0,0
FA452815C3011,236220,2015-05-21,5700,Z1BF,Southeast,KSMEU2397KQ8,478900,0,0
N6274201C1361,236220,2003-03-04,1700,Y159,West,DBBPFU2B8K35,379041,5,187589
N4008515C3800,236220,2015-03-31,1700,Z2JZ,Midwest,CLHACCHR24F7,2706858,5,381670
SP330009C0023,236220,2009-05-27,97AS,Z179,Northeast,D4HYDZREU1K4,53158,3,29168
FA282324C0029,236220,2024-08-09,5700,Z2JZ,Southeast,ZE98MPEDJD37,448126,0,0
FA667511C0018,236220,2011-09-20,5700,Z199,Southwest,C74JZDMHARB3,45500,0,0
N4008515C7540,236220,2015-09-26,1700,Z2AZ,Midwest,ENDKGMK8SM26,435300,0,0
MDA94703C0004,236220,2003-03-12,97F5,Y119,Southeast,HL8UABMLULZ4,734000,2,255135
FA282319CA075,236220,2019-09-27,5700,Z2PZ,West,S6Z7GMYZCFB3,41359,1,0
N6247311C4213,236220,2011-09-28,1700,Y199,Southwest,MTJAT2ZAF7Y4,3179900,2,0
FA441720C0017,236220,2020-09-29,5700,Z2AZ,Southeast,SHD2A4Y9R9J3,774550,2,27877
N4008014C1606,236220,2014-03-13,1700,Y1AA,Southeast,HMJ8MBLUZCM7,971906,2,277467
FA440717C0011,236220,2017-09-29,5700,Z2AZ,Midwest,NE7JLFJ8LTA9,6250,0,0
N4425514C6018,236220,2014-08-04,1700,Z1EZ,West,DELENYZCZKA4,814674,4,78262
N6945010C2764,236220,2010-07-26,1700,Z119,Southeast,U463ZN6T7HQ3,311472,5,276120
N4008308C0059,236220,2008-06-17,1700,Y141,Midwest,HH96JGLKBWZ2,71566848,37,5465282
FA910105C0051,236220,2005-09-08,5700,Z245,Southeast,VJHJWXA1H6B6,217500,0,0
FA820104C0130,236220,2004-09-17,5700,Z299,West,G8N5J2GPN7U8,53001,0,0
FA820115C0018,236220,2015-08-19,5700,Z2EB,West,QJ3TGCXE33M5,3155261,3,160589
FA480304C9034,236220,2004-09-28,5700,Z119,Southeast,HDKPXS1MK486,6300,0,0
FA449718C0018,236220,2018-07-27,5700,Z2FB,West,GTZ5V5PFXJ51,590760,5,4600
N4008010C2024,236220,2010-09-29,1700,Z199,Southeast,JCUMH4FV7CS3,482329,10,318237
FA481919CA040,236220,2019-09-30,5700,Z2AZ,Southeast,V56QTXNPEE94,3972935,3,229147
N4008507C2617,236220,2007-06-15,1700,Y151,Southeast,EC9MS33A2ME5,2346105,6,53392
N6246706C3714,236220,2006-09-22,1700,Z162,Southeast,JXAKRK3JUE21,659214,1,4000
SP330011C1042,236220,2011-09-29,97AS,Z179,Northeast,N3SJSDKWK1Z7,2625583,7,88132
F0260403C0012,236220,2003-02-27,5700,Z299,Southwest,R8LLMMZN5511,108000,0,0
N4008510C5312,236220,2010-02-25,1700,Y163,Southeast,VEP4UN7LDMK5,136331000,25,64523190
FA860104C0037,236220,2004-09-27,5700,Z119,Midwest,VXRPBKLHW883,2027000,2,58019
FA480113C0010,236220,2013-09-19,5700,Z1JZ,Southwest,MTJAT2ZAF7Y4,738085,3,17923
HQ003422C0118,236220,2022-09-30,97F5,Z2AA,Southeast,HPHVSDPH1K93,214992,3,0
N6945009C1768,236220,2009-09-11,1700,Y162,Southeast,XMPLJ7DB91M4,6543200,9,221386
FA460009C0070,236220,2009-09-30,5700,Z119,Southeast,LH3SQNM5MC46,1294138,0,0
FA487724C0035,236220,2024-09-20,5700,Z2JZ,Southeast,P91BMWKMW825,999045,0,0
FA281623C0004,236220,2022-11-16,5700,J056,West,CWKZM53X2MU4,1996807,1,0
FA441706C0023,236220,2006-09-30,5700,Z199,Southeast,JNTKLKDXDJY9,2000000,9,1345780
N6945021C0021,236220,2021-05-11,1700,Y1FD,Southeast,MBEJT86XMQ44,4363892,8,9364
HQ009504C0048,236220,2004-10-07,97F5,Z111,Southeast,HSBFK46MMLX1,14950,0,0
N6247315C3603,236220,2015-07-30,1700,Y1PZ,West,R3AEGEX294Q3,2194743,3,128230
FA667512C0016,236220,2012-09-27,5700,Z2AZ,Southwest,JWLVB49LDMJ4,368783,1,0
FA449719CA028,236220,2019-07-29,5700,Z2DZ,Northeast,T6GKFJDCTW43,89605,1,0
N6945020C0028,236220,2020-05-12,1700,Z2EC,Southeast,MZC1HWND3398,356484,0,0
N6247312C4020,236220,2012-06-05,1700,Y1AA,Southwest,MTJAT2ZAF7Y4,29958,0,0
FA485509C0034,236220,2009-09-23,5700,Y129,Southwest,EAS7J1K4GKX5,724403,3,18267
N6246706C0168,236220,2006-03-08,1700,Y111,Southeast,RRKASFUKYMJ4,6595000,9,632431
N6247308C4174,236220,2008-09-11,1700,Z199,West,DZ2GNCXJK4J5,423112,2,13013
FA500012C0004,236220,2012-01-05,5700,Z2QA,West,GP6EM4633NF6,3592,0,0
FA466121C0005,236220,2021-03-01,5700,Z2JZ,Midwest,S4L3PCALD6E4,791028,3,84188
N6247310C0044,236220,2010-09-30,1700,Y152,West,GSGLJBC5LJK8,1710000,5,72523
FA485507C0022,236220,2007-09-26,5700,Z119,Southwest,KMJ3NZCFC989,267537,0,0
FA485516C0016,236220,2016-06-28,5700,Y1JZ,Southwest,NE1LVWNLWLS5,297499,1,0
N3654A08C8001,236220,2008-01-18,1700,Y131,Southeast,LN9PU5M2YZN5,48641,2,30740
FA500009C0029,236220,2009-09-28,5700,Z199,West,MLJFDYG5ZG51,44695,0,0
N6246705C0099,236220,2005-05-26,1700,Y199,Northeast,LKHSVNLBGFX5,79017192,32,2460358
N4008514C6743,236220,2014-09-25,1700,Y1JZ,Southeast,E5DHE5RKL3G5,2724309,1,0
HHSI102200500001C,236220,2004-10-13,7527,Y142,West,PKLBZ852ZFM4,3811000,17,674290
FA480305C9031,236220,2005-09-29,5700,Z149,Southeast,JE5KN33ZZ2X8,269350,0,0
N4008509C0015,236220,2009-06-18,1700,Z299,Northeast,Y1XPK14CSLH5,584788,0,0
FA480307C0014,236220,2007-07-30,5700,Z111,Southeast,LX8PHPCLWAT5,599118,3,15702
N6945023C0024,236220,2023-05-24,1700,Z2NZ,Midwest,KVLPKWFDFRX3,658472,1,8249
FA813720C0011,236220,2020-03-03,5700,Z1AA,Midwest,CWA9E21B9UF1,813912,3,29336
FA487704CC010,236220,2004-09-30,5700,Z129,Southwest,J695EGNCJXB5,902113,0,0
FA448404C0006,236220,2004-11-24,5700,Z127,Northeast,GKUMJS8XRVP5,4038025,1,3606091
N0017422C0010,236220,2022-03-31,1700,Z2AA,Southwest,ZJM6C2MM32W7,4251495,8,250627
FA302005C0013,236220,2005-09-16,5700,Z163,Southwest,E7C5MPRZX5M3,132626,0,0
FA304710C0020,236220,2010-08-11,5700,Z300,Southwest,YTULSSX1ELU3,25796,0,0
DOLJ111A21702,236220,2011-06-29,1630,Y119,Midwest,TNBFP7BU3PQ3,23435956,1,23038222
N4008017C4419,236220,2017-05-10,1700,Y1DZ,Southeast,U47LHAFY3945,279724,1,0
N6945007C4086,236220,2007-09-21,1700,Z141,Southeast,PCBKEHLULV61,4972000,8,67639
HQ003408C1009,236220,2007-12-19,97F5,Z111,Southeast,MMBLJDUN9LD7,65640,2,2502
FA286012C0047,236220,2012-09-29,5700,Z2BZ,Southeast,L8F9AP3CL4R4,4920,1,0
FA283513C0019,236220,2013-09-25,5700,Z2AA,Northeast,LHKSK2F7L9A5,9997,1,0
N3319108C0202,236220,2007-10-12,1700,Y127,West,LFH4SUCVA379,21289096,11,8027038
FA461011C0006,236220,2011-05-03,5700,Z199,West,D3KAM56RYHF1,22400,0,0
N4008509C7000,236220,2009-04-30,1700,Y199,Northeast,FTJMEJQCG4L5,6957000,6,2297839
N6247307C7011,236220,2007-05-17,1700,Y299,West,HNFPFN7KV558,2639000,1,62399
FA302012C0013,236220,2012-09-20,5700,Z2EB,Southwest,LR81Y47Y83N5,3665996,8,625015
FA850107C0040,236220,2007-06-20,5700,Y119,Southeast,GVLVJC4BLLA9,543131,2,0
N0042124C0040,236220,2024-04-11,1700,Z2AA,Southeast,VUR8QKPP8NY3,94248,0,0
N6247314C3413,236220,2014-09-10,1700,Z2FZ,West,F4VSKJ6YBFF7,2590967,4,89752
N4008511C4002,236220,2011-03-04,1700,Y127,Southeast,VNL4MLQJQSF9,29800000,19,6029100
F0360203C0010,236220,2003-06-27,5700,Z119,Southeast,DYFCM5HVL1N8,96202,2,10246
FA308910C0025,236220,2010-09-30,5700,Z119,Southwest,T6JWHPNCPXU3,450317,3,72797
N6945021C0022,236220,2021-05-13,1700,Z2GZ,Southeast,NJL1GJVHAJM7,2943413,3,0
N6945017C0902,236220,2016-11-15,1700,Y1AZ,Southeast,F58ABW7WBAV7,25090000,9,2444153
SP049007C6093,236220,2007-06-15,97AS,4920,West,L4V7KA2P23M3,204467,0,0
N6945009C6843,236220,2009-09-30,1700,Z199,Southwest,KKAHHQDF2ZW7,1400000,7,931846
FA330007C0015,236220,2007-09-28,5700,Z119,Southeast,U8ZSN9MATNB7,3544000,8,193789
FA441816C0010,236220,2016-06-28,5700,Y1BE,Northeast,WW3EKHWD5AA9,11145244,41,11202620
FA283523C0003,236220,2022-10-31,5700,Z2AA,Northeast,L9GYSHLNL7T4,22912805,5,1188914
N4008509C9412,236220,2009-08-28,1700,Z111,Northeast,CXUJGWBBW4V5,1537000,5,448943
N6247003C3027,236220,2004-06-28,1700,Y199,Southeast,K9KCNAA4P118,19359204,6,312407
HQ003424C0129,236220,2024-09-27,97F5,DA10,West,Y3FEZE6JJZJ6,546956,0,0
N4008012C2029,236220,2012-09-21,1700,Z1JZ,Southeast,VS2KERR6U3K3,1069716,0,0
N6945010C1258,236220,2009-12-18,1700,Z141,Southeast,TWVGJRMK6Z78,8000000,18,1532257
N6247000C4794,236220,2003-08-27,1700,Z163,Southeast,F9UMM14NJA74,1475000,6,71503
FA468605C0017,236220,2005-09-30,5700,Z159,West,G5EUQYT7BAG5,719824,2,0
FA500005C0014,236220,2005-05-04,5700,Z129,West,LNBRDAEJ25L3,2520000,0,0
N4008006C0508,236220,2006-04-04,1700,Y199,Southeast,CYYKPGB57QK5,1697801,7,358751
FA441707C0022,236220,2007-09-29,5700,Y199,Southeast,L34KL7NLGVS4,511625,1,0
FA462514C0012,236220,2014-03-27,5700,Z2PA,Midwest,JJTKK45FAVT5,8750,0,0
N4008506C3360,236220,2006-09-30,1700,Z119,Northeast,TXH2SBM6HDR1,343000,2,505
N6945008C6080,236220,2008-09-29,1700,Y199,Southeast,GVLVJC4BLLA9,574000,4,41933
DOLJ051A20003,236220,2004-12-14,1630,Y119,Midwest,NJ9KBF5NDLF1,3491000,9,171578
N6945024C0090,236220,2024-09-13,1700,Y1AZ,Southeast,P9B9FM196LE6,1170800,0,0
FA441704C0016,236220,2004-09-30,5700,Y159,Southeast,LTVWN3NC6C86,151979,0,0
N4425514C5006,236220,2014-09-29,1700,Y1BZ,West,NE61LN4FM1A5,20995000,20,4132945
FA487716CA015,236220,2016-07-27,5700,Z2PA,Southwest,CFGMKX4B3C97,465144,2,271220
FA301024C0002,236220,2023-10-11,5700,Z2FZ,Southeast,K9AGH98YB8V3,6184000,5,230536
N4008515C9355,236220,2015-09-20,1700,Z1FB,Southeast,MB5DNJLJBAN4,363702,0,0
FA460810C0028,236220,2010-09-27,5700,Z119,Southwest,KTG8LSMNW7T1,3496962,15,2539217
FA910104C0043,236220,2004-09-27,5700,Y159,Midwest,EFV6YESRNZ41,695982,4,120698
F3061703C0007,236220,2003-09-24,5700,Z111,Northeast,HKH3JDM5BZM5,39900,0,0
N4008013C2101,236220,2013-09-29,1700,Z2AA,Southeast,EPQLQG38JBZ1,230190,1,0
FA441810C0008,236220,2009-12-04,5700,Z199,Southeast,EDWCLU2ULS31,916999,3,15622
N6945024C0068,236220,2024-08-29,1700,Z2FB,Southeast,EWCVAZ6F1M16,1899537,0,0
FA308910C0024,236220,2010-09-30,5700,Z139,Southwest,EN3RKWNJ1GY7,1159999,4,64466
N4008513C6003,236220,2013-06-10,1700,Y1DZ,Southeast,ZJUSAVJJQMK5,14354000,10,1199475
FA465412C0002,236220,2012-07-20,5700,Z2AA,Southeast,K7K1U27552J6,3207617,11,311515
FA860116C0047,236220,2016-09-20,5700,Z2JZ,Midwest,DRLTAXYFZBK8,3343263,2,106998
N6247317C0802,236220,2016-11-07,1700,Z2AZ,West,S816XZESSNB9,1521076,3,131949
N4008520C0057,236220,2020-09-25,1700,Y1JZ,Midwest,CW6KVXNYH7P7,10440400,11,7408184
FA441706C0003,236220,2006-05-25,5700,Z199,Southeast,DLG9X3LBX6M6,1309561,4,65422
F4265003C0128,236220,2003-09-15,5700,Z111,West,GCLFFSHVY9F3,64898,0,0
FA850107C0061,236220,2007-09-06,5700,Z199,Southwest,NWNBVHG4AZM8,741202,0,0
DOLJ094R22441,236220,2009-02-13,1645,Z119,Southeast,WCU4TE2ACKJ3,7808,4,91523
N6247310C1803,236220,2010-03-30,1700,Z299,West,CM6AAWP8H6Y4,569634,4,206902
FA487724C0010,236220,2024-04-12,5700,R707,Southwest,DZ8CDS3UL1N7,72498,1,0
FA252109C0036,236220,2009-06-15,5700,Y199,Southeast,W6M6PB5B4DN3,412181,3,6299
SP470218C0524,236220,2018-09-27,97AS,Z2AA,Midwest,LRGBFJFA6M89,1741007,8,478480
N6246703C2042,236220,2003-09-24,1700,Z119,Southeast,X17BRZLBN766,262074,0,0
FA813720C0021,236220,2020-07-01,5700,Z1AA,Southwest,M34GPJWKR1K4,757952,5,344271
FA665604C0007,236220,2004-09-23,5700,Y119,Midwest,EZY7S73XEFJ7,512590,0,0
N4008506C0759,236220,2006-09-22,1700,Z119,West,LELBHQ88UMK9,2242852,7,143194
W912WJ09C0008,236220,2009-09-25,2100,Y199,Northeast,FTJMEJQCG4L5,792000,6,859326
FA308909C0022,236220,2009-09-29,5700,Z111,Southwest,GYATTD6TCG88,1544962,1,5235
N4008008C2062,236220,2008-09-30,1700,Z199,Southeast,L4DPDT899T69,3500000,4,1000748
SP470220C0020,236220,2020-09-25,97AS,Z2PA,Midwest,DRLTAXYFZBK8,949470,0,0
FA283522C0003,236220,2021-11-02,5700,Z2QA,Northeast,NZ9MPL6KGM48,936074,4,454815
N6945018C5217,236220,2018-06-06,1700,Z2PA,Southeast,MNK3CH3L4UJ7,805798,2,167064
FA281617C0014,236220,2017-09-20,5700,C219,West,KQF3MP2U2GD1,744818,2,0
N6247317C3201,236220,2017-05-03,1700,Z2PZ,West,Y4MNS7V31HJ5,398598,0,0
FA466409C0011,236220,2008-12-18,5700,Z162,West,F7ABXJ6V5514,195534,1,4785
N6945013C1756,236220,2013-06-14,1700,Y1DA,Midwest,DMFWBVTL9324,38743915,57,6411932
F4065003C0050,236220,2003-07-01,5700,Y119,Southeast,CRDTMKALW6K8,517075,3,16934
N4008018C3519,236220,2018-09-27,1700,Z1JZ,Midwest,CK9WP3X6GR34,453575,2,0
HQ009505C0011,236220,2005-03-30,97F5,Z111,Southeast,QA3KLDNBMEL3,4870,0,0
FA486119CA038,236220,2019-09-20,5700,Z1CZ,West,L723TS1JVTL9,19025,0,0
N6945011C3065,236220,2011-06-15,1700,Z199,Southwest,H4HBEYUCZ7M1,1492468,4,80837
FA481910C0034,236220,2010-09-30,5700,Z111,West,WDXFDCE791T1,544023,0,0
N6945015C6528,236220,2015-08-28,1700,Z2FC,Southeast,EQUGGRN48HG5,931737,1,126449
FA667515C0011,236220,2015-09-26,5700,Z2AA,Southwest,L6XAG5CGKGV7,197777,2,1924
N6660422C0230,236220,2022-09-19,1700,Z2GZ,Northeast,DEZJJRF8KHH3,249976,0,0
FA282324C0013,236220,2024-02-07,5700,Z2JZ,Southwest,RYENYEUPVKA8,1999010,0,0
N6945011C0017,236220,2011-03-02,1700,Y199,Midwest,MKK2BDD6PZ55,2042586,6,270568
N6246705C9385,236220,2005-09-29,1700,Z111,Southwest,EMENK25ECJD6,100346,0,0
N4008005C0518,236220,2005-09-29,1700,Z199,Southeast,NEJLJ5ACF7S5,237682,3,0
N4008520C0071,236220,2020-09-21,1700,Y1JZ,Northeast,NN9SLYYNWKK5,11213400,8,2984902
FA910111C0047,236220,2011-09-30,5700,Y174,Southeast,CBFHMSK95VT9,571200,6,32511
N6945007C3616,236220,2007-09-25,1700,Z219,Southeast,T68JMNDFHXM6,12800,0,0
N6945008C5579,236220,2008-09-30,1700,Z111,Southeast,GRUVBCL86B39,379817,3,138
FA704612C0003,236220,2012-08-23,5700,Z1AA,Southwest,HCXGD55NNBA3,5445,0,0
HQ003414C0063,236220,2014-09-25,97F5,5680,Southeast,LZVZCLZHD294,962192,3,36865
FA330018C0015,236220,2018-08-24,5700,Z2AA,Southeast,QP8VNJ36KNY4,3730372,2,165898
DOLJ109630287,236220,2010-05-14,1605,Y119,Midwest,CZHMR29JV5G7,1245741,0,0
N6247202C5514,236220,2003-06-24,1700,Z179,Northeast,HXMJA2V68HC3,2998000,0,0
N4008520C0058,236220,2020-09-30,1700,Z2JZ,Northeast,SPW8KTH63M65,847362,0,0
FA286012C0006,236220,2012-01-23,5700,Z1AA,Southeast,RHD7RL3773K9,49271,0,0
N6247307C7024,236220,2007-09-21,1700,Z141,West,XL1HXLG5L2G8,619456,2,35759
N4008015C3512,236220,2015-03-31,1700,Z1NZ,West,MMGCM41SK155,1761856,3,46728
FA820116C0031,236220,2016-09-21,5700,Z2JZ,West,JGFSLSXK9DV5,464747,0,0
FA813722C0014,236220,2022-06-13,5700,Z1BZ,Southwest,NWK9D2XDFGM8,6941250,4,80747
N6247004C2629,236220,2004-09-23,1700,Z119,Southeast,LMRMKLLL3LG5,730000,12,858330
FA813722C0004,236220,2021-12-21,5700,Z1AA,Southwest,D56MUMNUV8S5,832663,0,0
N6945017C5613,236220,2017-05-25,1700,Z2AA,Southeast,E3RAXP8YLQE3,1982096,3,415711
FA460810C0027,236220,2010-09-28,5700,Z119,Southeast,F2QRB6NFKD63,6124697,11,1193266
1630DC17C0012,236220,2017-05-26,1630,C1AZ,Southeast,QJB7NSFMHC61,59714676,1,59714676
N4008509C9408,236220,2009-06-30,1700,Z159,Northeast,FTJMEJQCG4L5,4057000,1,47000
FA252108C0025,236220,2008-09-13,5700,Z163,Southeast,FTHXF9HMBCF7,2766078,3,100770
FA466104C0009,236220,2004-04-20,5700,Z159,Southwest,KYW1KHDGVYJ5,111757,0,0
N4008014C2033,236220,2014-08-25,1700,Z2AA,Southeast,T4KABN8LU4K6,985471,0,0
N6945010C4132,236220,2010-09-17,1700,Z141,Southeast,GACDYTNJEB26,651996,3,0
N4008509C0044,236220,2009-09-25,1700,Y199,Southeast,PVT3WNNG7836,436098,3,30006
N0042124C0088,236220,2024-09-27,1700,Z2AA,Southeast,PMWJHM3WMZK3,4930535,0,0
FA282325C0007,236220,2024-11-07,5700,Z2JZ,Southeast,ZE98MPEDJD37,833091,0,0
FA282320C0027,236220,2020-06-01,5700,Z2JZ,Southeast,E7YCE1NCW3J9,10481178,7,741315
DOLJ041A00012,236220,2004-05-28,1630,Y299,Northeast,EATDZJL6JFJ5,1257000,0,0
N6945020C0058,236220,2020-08-28,1700,Z2GZ,Southeast,H2ZDMKZLM472,572266,0,0
FA486110CA053,236220,2010-09-30,5700,Z125,West,CWVJEB454CR7,159177,1,0
N4008012C2015,236220,2012-06-20,1700,Z1JZ,Southeast,VS2KERR6U3K3,129186,4,0
N4008516C7710,236220,2016-09-08,1700,Z1AZ,Southeast,V5NWWR9UUJR8,1664121,2,9036
N3654A08C1004,236220,2008-04-06,1700,C119,Southeast,LN9PU5M2YZN5,22080,1,1051
FA441704C0014,236220,2006-03-27,5700,Z129,Southeast,N4V9DDQDAQM7,0,1,19752
DOLJ061A20388,236220,2006-06-30,1630,Y139,Southeast,MGMKEJ19PET7,1828926,1,73970
N4008005C0514,236220,2005-09-20,1700,Y162,Southeast,CYYKPGB57QK5,1200000,6,47270
FA570712C0032,236220,2012-06-18,5700,Y1CA,Southeast,LN9PU5M2YZN5,22900,2,2900
N6945007C0062,236220,2007-07-03,1700,Y199,Southeast,NS3XKMA3JWY7,56911894,44,7320895
N6246702C0503,236220,2003-07-14,1700,Y152,Southeast,RRKASFUKYMJ4,6323325,13,262692
N6945016C4440,236220,2016-09-14,1700,Z2DA,Southeast,HUZ2XKV2KLS5,371162,0,0
N4008009C4414,236220,2009-09-30,1700,Z199,Southeast,UJJZKMAZJNJ7,3538842,2,744598
N4008518C6151,236220,2018-06-15,1700,Z2FC,West,Q619XATRSXM9,7088563,5,500745
F0862003C0015,236220,2003-09-29,5700,Z111,Southeast,D4VQMKB86C75,655000,0,0
FA286013C0017,236220,2013-09-21,5700,Z2AZ,Southeast,DRPKKLLCYMJ5,40834,1,0
FA480010C0027,236220,2010-09-30,5700,Z159,Southeast,H29XRCGD5NE3,147557,5,8815
FA255014C1002,236220,2014-08-11,5700,Z1AA,West,J4PAKJ2G8MC5,46495,0,0
N6246706C5748,236220,2006-04-20,1700,Z111,Southeast,GDMSR4G5NW61,434953,1,32682
FA468610C0047,236220,2010-09-29,5700,Y179,West,VG4CJ4BMVN76,697297,5,0
F4161203C0030,236220,2003-09-27,5700,Z139,Southwest,KS8HLVMJEMW9,2012938,2,152938
N4008311C1006,236220,2011-07-28,1700,Y119,Southeast,E1PVEGGV5TF7,4024041,10,175382
FA930117C0008,236220,2017-09-29,5700,Z2JZ,West,Z3Z6CDMYJJU1,43536,0,0
FA282307C3020,236220,2007-09-27,5700,Z111,Southeast,DLG9X3LBX6M6,1363471,6,52082
N6247203C6117,236220,2004-09-02,1700,Z199,Southwest,HE7KKMMCLDW1,445940,1,5497
FA485521C0018,236220,2021-06-04,5700,Z2AA,Southwest,HCXGD55NNBA3,185279,0,0
FA850107C0048,236220,2007-07-20,5700,5410,Southeast,P6JNKVNA2XS7,168254,0,0
FA813722C0020,236220,2022-06-13,5700,Z2AA,Southwest,RT47KJGETZB6,48899,0,0
N6945011C0027,236220,2011-03-02,1700,Y199,Southwest,F1PMZXNJ7NM5,2296315,3,5580
FA302215C0001,236220,2014-10-23,5700,Z2EB,Southeast,NKMJDZRMUCJ3,4350000,10,2343913
FA486110CA038,236220,2010-09-30,5700,Z163,West,W119CK37TJP1,866421,5,0
N6945013C2259,236220,2013-07-02,1700,Y1EZ,Southeast,WJB1ESJY6JM6,392550,1,5400
FA480107C0014,236220,2007-09-28,5700,Z119,Southwest,JX8HZ5S2L396,2722598,3,155453
FA701208C0014,236220,2008-09-29,5700,Z111,Southeast,YPDMU31EQK55,879798,1,13010
N6247704C0018,236220,2005-08-18,1700,Y241,West,UHRCB94R44E9,0,14,514446
N4008515C3816,236220,2015-07-01,1700,Z2JZ,Midwest,J6VLQ2NG6JZ5,6723,2,111081
HQ003413C0133,236220,2013-09-30,97F5,5680,Southeast,KW9NCQ8W64S4,9669575,15,4870638
FA447910C0010,236220,2010-09-20,5700,Z299,Southwest,ZDGNBKUB3BT7,475000,0,0
N4008012C2503,236220,2011-11-04,1700,Y1ND,Southeast,FTAFWBSNSWC1,1990125,2,0
N6945011C4582,236220,2011-09-30,1700,Z199,Southeast,LJNGSKQXAME9,1120000,1,0
N0017422C0015,236220,2022-09-21,1700,Z2JZ,Southeast,K1X3AGMLFCJ3,987237,1,0
N6945010C4336,236220,2010-09-30,1700,Z119,Southeast,QPY1WK62X2A3,251260,0,0
N4008309C1006,236220,2009-05-29,1700,C111,West,D421NV15P5D3,1708760,5,524497
N6247324C0254,236220,2024-09-13,1700,Z2GZ,Southeast,CFLYNRZKKLR3,485008,0,0
FA252114C0006,236220,2014-04-15,5700,Z2PZ,Southeast,H6YFYWWDP1N4,431559,0,0
N6247316C0414,236220,2016-09-01,1700,Z2PA,West,K59MKTUMMMG5,639866,2,34862
N6247306C5278,236220,2006-09-28,1700,Z149,Southwest,M33BEJNEAM44,521093,2,0
N6246706C5721,236220,2006-06-16,1700,Z299,Southeast,HCUDMENM7KK5,546075,2,500
FA521524C0009,236220,2024-03-15,5700,Z2FZ,West,MHFCLKT3GAX9,4999504,3,828454
FA570616C0005,236220,2016-05-15,5700,Y1PZ,Southeast,LN9PU5M2YZN5,832599,3,0
N0042123C0034,236220,2023-07-18,1700,Z2AA,Southeast,VUR8QKPP8NY3,385792,0,0
N6945007C1266,236220,2007-06-29,1700,Y119,Southeast,F58ABW7WBAV7,4377400,3,21736
FA480113C0006,236220,2013-09-12,5700,Z1JZ,Southwest,L8NBQL1WDNC4,3396919,14,622851
N6247308C7820,236220,2008-09-18,1700,Z299,West,S1F4QN9HB2F7,1144039,1,0
1630DC19C0014,236220,2019-06-25,1630,C1KZ,Southeast,DQ5NYJWS6GL5,325900,4,30199
N6247311C1012,236220,2011-07-29,1700,Z199,West,CM6AAWP8H6Y4,1362126,1,9617
FA441718C0017,236220,2018-09-27,5700,Z2AA,Southeast,JWEKJPR1M6L3,1881000,8,488637
N6945019C7212,236220,2019-06-13,1700,Z2AZ,Southeast,PLJWCYJNQ8X5,225770,1,28613
FA664811C0025,236220,2011-09-30,5700,Z163,Southeast,M18HENZ5DXH9,110889,2,0
DOLJ051A20011,236220,2005-01-14,1630,Y139,Northeast,FYF1DNQHJV64,5784887,6,500103
N6945015C4124,236220,2015-03-03,1700,Z2JZ,Southeast,F7AVTSKG5AK8,247775,0,0
N4008506C0735,236220,2006-07-31,1700,Z299,Southeast,JH8BDPD1DG47,782091,3,35900
FA703713C0010,236220,2013-09-30,5700,Y1AA,Southeast,FH2CSF62KVH7,24012,0,0
FA850108C0040,236220,2008-08-20,5700,Z199,Southwest,NWNBVHG4AZM8,442839,0,0
N6945012C6350,236220,2011-12-01,1700,Z1FD,Southeast,E8MCAKAVZ8C4,4390751,4,267193
N6246704C0067,236220,2005-05-20,1700,Y163,Southeast,P78TR44HGNL6,14380000,10,50993
N6945014C2583,236220,2014-09-23,1700,Y1JZ,Southeast,MB5DNJLJBAN4,674927,3,140487
N6945015C0601,236220,2014-10-22,1700,Y1FC,Southeast,C63BW3GK71H8,9947000,5,769563
FA701208C0022,236220,2008-09-30,5700,Z299,Southeast,CX7DE74VGGK7,13600,0,0
FA485508C0044,236220,2008-09-30,5700,Y119,Southwest,HPHAHD1GAFE6,611490,3,39266
FA665608C0002,236220,2007-10-29,5700,Z111,Northeast,VKTLW965SKJ8,648000,2,5939
N4008506C2001,236220,2006-02-02,1700,Z199,Northeast,XSLTUH41MCE3,214809,1,134138
FA820116C0057,236220,2016-09-30,5700,Z2GZ,West,VMZYCYL6WP89,598529,2,200954
FA301014C0006,236220,2014-07-01,5700,Z1AA,Southeast,H5Y5BU8TQ6C7,3105000,3,42298
FA810119C0004,236220,2018-11-30,5700,Z1AA,Southwest,VT9LNBB822A4,159857,1,37395
F0862003C0010,236220,2003-08-28,5700,Y151,Southeast,N4V9DDQDAQM7,1468365,0,0
FA489724C0006,236220,2024-07-31,5700,Z2JZ,West,DELENYZCZKA4,1299867,1,1414301
N0017820C2303,236220,2020-01-31,1700,Z2HB,Southeast,JZYRM6MANJV4,961000,6,116100
FA480006C0017,236220,2006-09-30,5700,Z199,Southeast,D99PQ68JZ8N3,118157,2,0
N6247313C0005,236220,2013-07-26,1700,Z1AZ,West,G1N5ZMDHW9X4,268488,2,111785
FA441706C0005,236220,2006-05-11,5700,Z199,Southeast,JWEKJPR1M6L3,715000,5,28973
FA523414C0010,236220,2014-09-21,5700,Z2FC,Southeast,LN9PU5M2YZN5,18355,0,0
N6945009C3126,236220,2009-09-14,1700,Y199,Southwest,FF7VQ1JNQTA5,588529,6,14744
FA255018C1009,236220,2018-09-29,5700,Y1AA,Southwest,VCT5JU1AYDQ9,1999503,5,135692
FA489716C3016,236220,2016-09-19,5700,Z2EZ,West,G38UDK4JK4C1,235775,0,0
FA487719CA010,236220,2019-03-12,5700,Z2JZ,Southwest,XE2FNX8LJMK4,1548679,3,0
N6274207C1331,236220,2007-09-28,1700,Z149,West,L86HH3KL96N1,5412832,8,95023
N4008018C3504,236220,2018-03-27,1700,Z2AA,Southeast,EDXHGN4LK5T8,154399,0,0
HQ003407C1048,236220,2007-09-14,97F5,S216,Southeast,HMRMC9VEM669,46961,1,0
FA466109C0013,236220,2009-06-15,5700,Z111,Southwest,KUEHM76YKM65,150500,1,0
N6945014C3603,236220,2014-09-22,1700,Z2FC,Southeast,E8MCAKAVZ8C4,1929657,1,135869
FA489711C3013,236220,2011-09-28,5700,Z159,West,HN3GDE2E4KC5,3283275,6,54707
N4008517C0303,236220,2017-04-17,1700,Z2FZ,Southeast,M56LN125BLH9,7463837,13,1760836
FA441704C0010,236220,2004-06-21,5700,Z162,Southeast,N4V9DDQDAQM7,74400,2,15541
FA486108CA021,236220,2008-09-30,5700,Z119,West,JWQHNYKV2Y76,1539895,1,108510
FA301023C0028,236220,2023-09-22,5700,Z2AA,Southeast,CH9GJNE9B143,467477,3,0
FA460020C0013,236220,2020-09-22,5700,Z2QA,Midwest,LZL3J61WVEY5,4829101,7,947840
FA860105C0034,236220,2005-09-29,5700,Z199,Midwest,ST9XJA2ZKF71,4502,0,0
F0862003C0018,236220,2003-09-16,5700,Z152,Southeast,JFLLYLD16FG8,293700,1,4000
FA441814C0012,236220,2014-09-15,5700,Z2EB,Midwest,FFMXL1D1LLR4,1397131,4,35487
N4008313C1025,236220,2013-09-26,1700,Z2BG,Midwest,C6JJDQTNLSK5,785066,1,1117
N6247312C1418,236220,2012-09-06,1700,Y1AA,West,GSGLJBC5LJK8,647842,1,0
N4008515C0319,236220,2015-09-30,1700,Y1EZ,Southeast,UNFZG6Z8BWF7,1642769,4,34418
N4008018C4401,236220,2017-11-16,1700,Y1MB,Southeast,U47LHAFY3945,520777,3,0
FA304704C0030,236220,2004-09-28,5700,Y199,Southwest,JLT5LGZ3U5A3,718940,0,0
FA465406C0003,236220,2006-07-14,5700,Z199,Southeast,K7K1U27552J6,3224585,10,59134
DOLJ121A21925,236220,2012-06-29,1630,Y1NZ,West,GCLFFSHVY9F3,323580,2,24813
N6945015C4121,236220,2015-03-12,1700,Z2FC,Southeast,RZ53PAJUCNF4,263119,0,0
N6945022C0036,236220,2022-07-20,1700,Z1JZ,Southeast,NJL1GJVHAJM7,3847197,1,0
N4008011C2049,236220,2011-09-30,1700,Z199,Southeast,KJX9UGF123U1,1957000,5,995604
FA304705C0026,236220,2005-09-21,5700,Z111,Southwest,KR9GKAYAABQ8,58987,0,0
FA480305C9023,236220,2005-09-15,5700,Z199,Southeast,HDKPXS1MK486,312200,1,27958
N6247310C1804,236220,2010-03-17,1700,Z299,West,M6GGWBY6N4L6,163610,0,0
FA449721C0004,236220,2021-01-15,5700,Z2EB,Northeast,V5MSQAJAH5P5,2148833,3,97547
FA860105C0039,236220,2005-09-20,5700,Z199,Midwest,EYBTNZFE41B8,435000,0,0
FA822723C0003,236220,2023-09-27,5700,Y1BZ,West,VDCKDSJ81SK1,37465411,4,371437
FA460014C0007,236220,2014-03-06,5700,Z2AA,Southeast,M3BLRXC1DQ28,279500,7,18145
HQ003409L3037,236220,2009-03-31,97F5,Z111,Southeast,EB9EMEQNYFK5,47700,1,0
FA810115C0016,236220,2015-09-28,5700,Z2NZ,Southwest,DY1GY1N5SNY1,1730419,1,647275
N6945020C0078,236220,2020-09-29,1700,Z2AZ,Southeast,U653PUNVD3W5,879226,1,11077
N4425517C9004,236220,2017-07-06,1700,Z2BG,Midwest,J96QTKC5KVD4,249850,2,3943
FA486107CA015,236220,2007-09-30,5700,Y111,Southwest,RQ13XQQKKQ67,741948,1,0
N3319112C0620,236220,2012-03-31,1700,Y1GZ,West,YY9JEGXDB759,30999998,15,6022231
FA283514C0043,236220,2014-09-26,5700,Z2QA,Northeast,HZVHT9LKS969,60188,1,8178
N4008519C5705,236220,2019-09-06,1700,Z2GZ,Southeast,Z7RLSDJWKVM5,991428,2,80312
FA665607C0003,236220,2007-09-12,5700,Y152,Midwest,G1KUBF9VN355,720000,5,8940
FA667004C0010,236220,2004-09-27,5700,Y119,Northeast,FCQGJKB5J2G1,1854014,2,83505
FA486111CA014,236220,2011-09-30,5700,Z111,Midwest,HRKASNMJX7L1,131610,2,0
N6945017C8421,236220,2017-09-25,1700,Y1DB,West,NMJCBQ7AEKM6,397571,1,0
N4008513C1442,236220,2013-09-30,1700,Z1AA,Northeast,DJBDE7J4ANC9,348246,1,0
N4008009C4469,236220,2009-08-20,1700,Y119,Southeast,TALCYVG8GB25,1087379,1,0
N4008012C2045,236220,2012-09-30,1700,Y1AA,Southeast,RHD7RL3773K9,84162,1,0
N4008015C0170,236220,2015-09-30,1700,C1AA,Southeast,Z6N1GCAHK2Y5,1572088,1,0
FA252123C0038,236220,2023-09-11,5700,Z2AZ,Southeast,CXSES3LFCQZ5,316863,4,5315
N4008511C0506,236220,2010-12-03,1700,Z111,West,N5UBTLBVMNA8,3387261,2,54018
FA480920C0015,236220,2020-09-29,5700,Y1PZ,Southeast,NBGJKWX5AM64,583224,2,0
FA483010C0007,236220,2010-09-10,5700,Z199,Southeast,GX7ZQNHNAXF9,10000,3,986108
N6247307C1210,236220,2007-05-31,1700,Z199,West,XL1HXLG5L2G8,184307,1,0
FA667512C0018,236220,2012-09-30,5700,Z2EB,Southwest,K8UERA9QUFR8,430000,0,0
FA487713CA013,236220,2013-09-11,5700,Z2JZ,West,E9RYJ2M6YE27,14560,0,0
